NPI,Last Name,First Name,Specialty,Total Services,Total Beneficiaries,Avg Allowed Amount,Avg Payment Amount,Unique Services
1003070749,Anameze,Samuel,Internal Medicine,416.0,394,155.81868795566666,120.555441718,3
1003078031,Penc,Stanley,Neurology,14257.0,393,111.97295433927499,78.23994306945,8
1003104084,Rajbhandary,Arunima,Internal Medicine,677.0,465,122.08400220414285,95.98994709171428,7
1003207978,Cordero Torres,Emmanuelle,Nephrology,1809.0,762,154.44618534427272,119.63134598072726,11
1003842287,Heffernan,Donna,Family Practice,1339.0,796,112.7544536678,88.1917131501,20
1003848102,Sheehan,Sean,Gastroenterology,15440.0,1466,97.95754667864547,77.1725792508,22
1003851379,Shahani,Rohit,Cardiac Surgery,168.0,155,359.83159358985716,287.2610277881428,7
1003859331,Peacock Birsett,Jama,Family Practice,727.0,447,74.60929170230769,53.864931301615385,13
1003891847,Cevera,John,Otolaryngology,1407.0,964,129.7224357221111,95.12579408177777,9
1003897398,Macdonnell,Diane,Family Practice,349.0,85,171.82156255666666,129.39429201533332,3
1003905480,Forman,Peter,Family Practice,648.0,553,47.243487633857136,36.81989041171429,7
1013172485,Amery,Sahar,Cardiology,513.0,306,104.09726614200001,79.03283639083334,6
1013179944,Abisse,Saddam,Cardiology,2739.0,1959,97.28963957211303,74.34102434783912,21
1013352228,Carle,Christine,Family Practice,560.0,454,68.5538301033375,52.7412067644625,8
1013923671,Mcclune-Sweeney,Deborah,Nurse Practitioner,296.0,68,66.160279156,46.0560187485,2
1013948231,Feinstein,Ralph,Family Practice,38.0,17,70.147105263,56.237105263,1
1013977438,Balsamo,Steven,Family Practice,585.0,430,63.83798948566667,40.49427782633333,3
1013985878,Kufs,William,Cardiology,3979.0,2423,87.64626168981714,65.62826650737715,34
1023029790,Adomfeh,Charles,Internal Medicine,331.0,168,128.95821246875,102.04920813625,4
1023044229,Pyle,Bert,Family Practice,720.0,421,89.253530223375,69.872124104875,8
1023060621,Armenia,David,Cardiology,1731.0,1241,88.65697909453637,63.58988861788182,10
1023068640,Ortiz,G Michael,Urology,1005.0,836,71.72503563412499,52.23809634349375,16
1023234002,Varughese,Mathew,Internal Medicine,957.0,552,110.868398441625,88.721946908375,8
1023459633,Pamidimukala,Chaithanya,Internal Medicine,749.0,410,116.87219770499999,92.64376578675,4
1023552940,Resetarits,Ashley,Physician Assistant,1538.0,1173,68.7648965310625,50.767543617262504,16
1033122551,Powe,Emile,Internal Medicine,229.0,128,103.39954924698,75.51515194218,5
1033144233,Petrillo,John,Family Practice,112.0,97,89.47847853475,69.79166957974999,4
1033146345,Wang,Qiong,Internal Medicine,704.0,414,74.85855410916666,59.26473924616666,6
1033223276,Marshall,Jonah,Urology,1024.0,777,356.03842272677144,281.14888906264287,21
1033263553,Madigan,Heather,Internal Medicine,863.0,517,91.35994751385715,70.72419505585715,7
1033348610,Tomy,Sinda,Internal Medicine,140.0,137,167.37146158,123.38314177433334,3
1033364393,Alapati,Lavanya,Internal Medicine,958.0,801,96.05031169166666,70.173564875375,11
1033421243,Clark,Richard,Physician Assistant,846.0,705,39.17250695140909,29.01134480365455,11
1033548839,Khan,Munir Ahmed,Internal Medicine,1074.0,740,106.40308300914286,83.27485707028572,7
1033775283,Chalmers,Mark,Family Practice,37.0,37,108.890190056,83.210277778,2
1043211097,Goldstoff,Michael,Anesthesiology,48.0,47,128.24702279066665,101.85197000266668,3
1043217367,Ashley,Christopher,Gastroenterology,23.0,23,194.79,156.12,1
1043234271,Sun,Mina,Family Practice,1002.0,640,80.38727830332307,58.602258264099994,13
1043429442,Dinar,Abdelhakim,Neurology,560.0,501,145.94891768927275,110.81411953863636,9
1043465214,Collins,Clyde,Gastroenterology,418.0,386,132.5640643447143,101.49632495614286,7
1043466709,Locke,Elizabeth,Family Practice,1488.0,1277,42.37735392651111,37.998772429455556,18
1043466832,Steckman,David,Cardiology,3128.0,2575,231.78671931407106,182.73398131607894,36
1053305573,Esper,Daniel,Cardiology,2769.0,1932,131.5075016190625,102.51494620207812,30
1053306183,Lyons,James,Advanced Heart Failure and Transplant Cardiology,5589.0,4106,67.01342728460938,50.339926390440624,30
1053318576,Daas,Mamoon,General Practice,371.0,166,51.374006537666666,37.40639483366667,3
1053336255,Morgan,Ayman,Nephrology,3703.0,1966,92.93946568236112,72.56620812613889,18
1053384008,O'dea,Daniel,Cardiology,3173.0,2277,80.62341263185334,59.95239883341333,15
1053393207,Ludwig,Samantha,Family Practice,1882.0,1622,41.673326912091305,35.96755789817826,23
1053520650,Smith,Jacqueline,Internal Medicine,775.0,483,89.399584594,68.708812152625,8
1053540351,Meghani,Mustafain,Cardiology,1124.0,888,78.3786861399,61.772561973870005,9
1053608893,Marchand,Rachel,Physician Assistant,130.0,127,97.1652945935,73.3493290135,6
1053674994,Garcia,Frank,Family Practice,944.0,587,107.12856615866667,83.37564720611111,9
1053773101,Murawski,Shannon,Internal Medicine,717.0,401,116.02532626,91.890836088,4
1063404234,Monzur,Mohammed,Nephrology,836.0,544,141.32968959518183,108.09887324,11
1063405298,Hughes,Peter,Urology,748.0,627,84.94556607291666,58.37486338508333,8
1063411783,Prieto,Alfonso,Clinical Cardiac Electrophysiology,5501.0,3481,173.4952336543875,136.37179600435311,32
1063643211,Khullar,Neha,Internal Medicine,143.0,117,118.42919350766665,94.564786594,3
1063671071,Diala,Paul,Internal Medicine,1751.0,268,88.14069020800001,69.73595528633334,3
1063673960,Teubl,Jonathan,Family Practice,77.0,71,169.71049679333333,128.67064102666666,3
1063789865,Mehta,Swati,Nephrology,998.0,451,168.23792085600002,130.56584591814286,7
1063850261,Nadler,Claire,Family Practice,31.0,28,63.513548387,45.194193548,1
1073507935,Millar,Robert,Cardiology,1118.0,897,74.97767237114667,57.24328768274,15
1073509691,Berkery,Leah,Internal Medicine,14.0,14,193.75357143,155.08357143,1
1073527289,Joy,Robert,Clinical Cardiac Electrophysiology,1559.0,1233,157.847151094588,123.384543440904,24
1073562187,Borden,Eric,Family Practice,648.0,440,56.4738770152,40.7911596024,5
1073570883,Biegun,Piotr,Internal Medicine,1139.0,993,53.373297982484615,46.41578233335384,13
1073583738,Mazzei -Klokiw,Renata,Family Practice,410.0,327,74.97293274875001,62.7239410445,4
1073586988,Varanasi,Sankar,Cardiology,4113.0,3258,257.7813015583364,204.41720922384243,33
1073673125,Argoff,Charles,Neurology,7085.0,471,76.51093756028125,55.11874102155,11
1073693032,Parikh,Nita,Internal Medicine,2434.0,1978,31.791451749912902,27.491436961074196,31
1073700480,Vaval,Alain,Internal Medicine,1559.0,1425,93.046649984,68.82401226691874,15
1073756938,Schulman-Marcus,Joshua,Cardiology,2841.0,2201,85.71893050687368,64.95800899406842,15
1073783577,El-Hajjar,Mohammad,Cardiology,350.0,329,286.30576128990907,224.94753794063638,11
1073863403,Labban,Marcille,Internal Medicine,706.0,484,107.24205347914287,81.99570882857142,7
1083064943,Sarkisova,Innesa,Family Practice,299.0,248,91.7821526515,81.32694120389999,5
1083100408,Mcvaigh,Ryan,Physician Assistant,884.0,796,72.77129380178947,52.75309143568421,19
1083608426,Daoui,Rachid,Nephrology,1579.0,794,175.1665387344,135.1249071945,10
1083616411,Tompkins,Raymonda,Internal Medicine,23.0,22,194.48,140.45521739,1
1083659072,Murray,Brian,Urology,9185.0,1356,130.73264346777856,96.53202902872144,14
1083684781,Mangalmurti,Sandeep,Cardiology,1790.0,1405,94.86801244920953,72.95310722417142,18
1083771927,Mihindukulasuriya,Joseph,Nephrology,1755.0,510,187.39606818500002,139.4429025882,5
1083798839,Herr,Allen,Interventional Radiology,4360.0,888,114.94397214900384,89.64441259894616,26
1083798920,Jue,Donald,Internal Medicine,827.0,447,100.2919243396,74.6800585316,10
1083813885,Waters,Timothy,Internal Medicine,979.0,573,91.85137799728571,71.97770271128572,7
1083869234,Alshaer,Khalil,Family Practice,354.0,351,60.02964595765,52.87718501823333,12
1083939284,Howe,Adam,Urology,37.0,32,83.6559411765,60.667117647,2
1093145658,Liu,Dan,Internal Medicine,745.0,413,104.71203203779999,81.8478678302,5
1093341141,Sivakumar,Kasthuri,Nurse Practitioner,525.0,466,94.22964075871428,71.28234737814286,7
1093701617,Muller,Susan,Family Practice,649.0,449,75.7143820298,52.1223798774,10
1093718371,Edwards,Keith,Neurology,9399.0,70,55.62675,33.62707693335,4
1093745002,Giokas,George,Internal Medicine,105.0,102,124.46949665325,98.27574665425,4
1093765406,Weitz,Steven,Interventional Cardiology,2446.0,1697,145.21522120894667,110.66812279362667,13
1093782559,Gupta,Yogesh,Gastroenterology,1890.0,1485,148.81532876979333,120.09367626354667,15
1093871865,Argaw,Shitaye,Family Practice,252.0,250,166.705613425,132.28365741,2
1104141209,Feinberg,Zachary,Gastroenterology,668.0,629,148.23771048107693,112.17896940730769,13
1104181759,Kauh,Katherine,General Surgery,100.0,87,92.58986147179999,73.0009134206,5
1104189182,Ahmed,Ovais,Gastroenterology,899.0,853,137.05049896765556,106.42848339079444,18
1104861293,Vachon,Francois,Family Practice,1534.0,1329,27.754887161095002,24.96457872659,20
1104971084,Respass,John,Clinical Cardiac Electrophysiology,3295.0,2311,94.41405813993333,73.09993440985834,24
1114112190,Anumula,Praveen,Internal Medicine,1725.0,826,124.33699021357143,100.36359514342857,7
1114219201,Lavelle,Daniel,Internal Medicine,38.0,36,66.992368421,39.437631579,1
1114282969,Miranda Gelpi,Arturo,Family Practice,2963.0,1998,80.34121602470833,60.94440120603334,12
1114411717,Mobarek,David,Family Practice,421.0,283,58.15705141866667,37.421895618,3
1114421336,Sureddi,Shakthi,Neurology,88.0,77,98.06333333333333,78.13000000000001,3
1114911633,Delago,Augustin,Cardiology,43765.0,5680,178.4344888948359,140.90405918402564,39
1114953312,Offord,Stephen,Family Practice,680.0,402,65.3662818137,51.89449312241429,7
1114984960,Sulzman,Charles,Internal Medicine,361.0,231,62.75896717633333,45.948200568333334,3
1114988904,Cunningham,Matthew,Family Practice,611.0,467,66.41832843916667,50.647933092500004,6
1114990025,Gorwara,Simon,Cardiology,3490.0,2650,113.95013902868787,90.24096544891817,32
1114990033,Jha,Sanjaya,Cardiology,6068.0,4205,69.9281714899,51.55755006212758,27
1124092994,Biasetti,Scott,Internal Medicine,1070.0,539,124.669665102125,98.060130660125,8
1124275797,Kolios,Efrossini,Urology,1070.0,935,82.43796171876923,61.15016426566923,13
1124287651,Welliver,Robert,Urology,425.0,358,57.519665775425004,42.615866612491665,11
1124319751,Heinecke,Carl,Cardiology,4295.0,3277,151.5424562856886,119.44308683695428,34
1124492616,Redmond,Danielle,Certified Registered Nurse Anesthetist (CRNA),33.0,32,119.15075,93.3183653845,2
1134137292,Rayudu,Sunita,Internal Medicine,101.0,100,180.86955614,132.74465855333335,3
1134230873,Purcell,Peter,Gastroenterology,93.0,88,118.12958893125,89.11528591775,4
1134235765,Mongan,John,Internal Medicine,741.0,368,134.6436752294,102.70557405960001,5
1134256324,Shoemaker,Vanita,Family Practice,226.0,199,56.406340726883336,41.926991800883336,6
1134356512,Soryal,George,Nephrology,4200.0,1903,91.29923327901818,72.19465997956364,22
1134357726,Gulyanich,Taras,Internal Medicine,584.0,507,112.8933282487,92.26659688515001,6
1134428907,Barsa,Jonathan,Gastroenterology,9584.0,1016,82.55124587458334,62.894761089944446,18
1134549918,Lansing,John,Neurology,187.0,145,121.082297554,90.34870835266668,6
1134784598,Wong,Christian,Internal Medicine,217.0,82,209.92,167.25,1
1134870611,Libby,Kristin,Nurse Practitioner,223.0,201,71.44338158025,56.861492690175,4
1134890288,Nellis,Joshua,Physician Assistant,406.0,381,94.31007224033334,72.90456082026667,6
1144222597,Zamer,Joshua,Family Practice,164.0,22,96.965670732,72.857682927,1
1144225442,Corwin,James,Family Practice,371.0,241,95.87429778033334,76.32518130016668,6
1144292608,Litts,Warren,Family Practice,162.0,119,80.210592992,42.7774275605,2
1144300104,Campito,Mitchel,Diagnostic Radiology,11.0,11,115.11545455,87.744545455,1
1144302886,Enzien,Ernest,Family Practice,640.0,498,63.3406031301,50.0679927767,10
1144304908,Seaman,Tami,Family Practice,2781.0,2194,29.46438758764,27.059208883963333,30
1144315367,Taneja,Sanjay,Family Practice,1031.0,717,59.79041954904546,41.59859656921818,11
1144347451,Gusten,William,Gastroenterology,28873.0,944,119.36578487905882,91.60647837535294,17
1144420837,Pronold,Barry,Gastroenterology,870.0,782,124.75058827950002,88.46288021094,10
1144649260,Bourla,Lorelei,Internal Medicine,179.0,125,122.89096046760001,82.8287434344,5
1144670084,Lahn,Kathryn,Family Practice,21.0,12,9.5780952381,9.5780952381,1
1154345015,Fielding,William,Physician Assistant,308.0,275,139.444044618,105.8907976025,4
1154346393,Shvachuk,Ivan,Family Practice,132.0,101,91.736140222,65.83718216833333,3
1154422236,Khawaja,Hussain,Cardiology,1185.0,663,84.84083910196,63.408545735379995,10
1154580967,Corry,Tanya,Internal Medicine,474.0,295,90.47600423133333,70.59026663933334,3
1154581692,Brilliant,Rachelle,Family Practice,1476.0,1149,38.43203836975217,32.10078087875652,23
1154612901,Risley,Laura,Neurology,453.0,324,98.62028879285715,76.61118506628573,7
1154740777,Avulova,Svetlana,Urology,267.0,236,79.6945038515,60.08442900521,7
1154771194,Crouse,Kristin,Family Practice,84.0,74,96.92927777666667,73.86177777666667,3
1154876928,Youniss,Mohamed,Cardiology,156.0,125,94.25666900150001,74.2460457515,6
1164410064,Siddiqui,Nawed,Internal Medicine,74.0,72,194.02972973,151.31283784,1
1164425708,Judkins,David,Cardiology,1349.0,1114,51.06369734035625,37.827691205612496,12
1164470217,Mittal,Sandeep,Cardiology,137.0,114,72.58185479083333,52.86597883573333,2
1164473526,Voleti,Venkateswararao,Internal Medicine,1063.0,333,53.910929529049994,45.743820107800005,8
1164564514,Coelho,Luiz,Internal Medicine,1368.0,506,104.45538629560001,82.6156627988,5
1164653085,Anwer,Naima,Family Practice,306.0,201,84.04604926940002,58.0217805646,5
1164675765,Cleaver,William,Internal Medicine,1008.0,502,90.778237212,70.04537082774999,8
1164771374,Itabor,Azuka,Family Practice,32.0,31,81.491984127,45.7829365075,2
1174043509,Earl,Adrianna,Family Practice,90.0,76,15.13949115535,14.256991155349999,4
1174528764,Liebers,Edward,Internal Medicine,1022.0,522,112.25485769485714,84.51287320528571,7
1174585608,Chowdhrey,Naseer,Neurology,1279.0,880,172.86545991007142,132.4181616732857,13
1174603120,Brodsky,Laura,Audiologist,291.0,290,23.13609352233333,15.943652509666668,3
1174607014,Baselice,Marino,Internal Medicine,1633.0,1244,33.9620448022,28.689265117423076,26
1174623086,Sullenberger,Lance,Cardiology,41841.0,10132,125.95819489164477,98.30958694880148,64
1174830863,Mondelo,Doreen,Family Practice,588.0,419,42.78100407922222,32.230132442144445,9
1174888929,Delliere,Willa,Family Practice,179.0,163,75.6507269735,43.016708881499994,2
1184167462,Mann,Kellie,Certified Registered Nurse Anesthetist (CRNA),59.0,50,76.39241421566668,60.98393099533333,3
1184616096,Pearson,Elyse,Anesthesiology,12.0,12,287.79583333,229.485,1
1184616237,Gardner,Michael,Internal Medicine,1090.0,842,41.980976642933335,31.027520701391666,12
1184622516,Fairbank,Matthew,Physician Assistant,345.0,314,59.41047199416666,43.66128449916667,6
1184691842,Palmieri,Suzanne,Family Practice,352.0,274,92.44095972692,81.38110778951999,5
1184696171,Kopp,John,Otolaryngology,1186.0,993,115.63457601939999,77.61700570730001,10
1184735623,Burns,Stephen,Nurse Practitioner,49.0,31,47.304473684,40.524473684,2
1184754129,Eglow,Richard,Gastroenterology,631.0,574,115.09351432763637,84.18576572496364,11
1184854101,Afejuku-Adelaja,Neema,Family Practice,474.0,371,68.2502621135,45.31641708425,4
1184902454,Duszak,Richard,Family Practice,329.0,312,157.501713655,115.419715143,4
1194003889,Ferraro,Lindsay,Neurology,511.0,429,96.183870264,67.33980585866667,6
1194063495,Solga,Matthias,Urology,1029.0,756,100.96311632030667,76.51635813498,15
1194139188,Sanghvi,Arpit,Family Practice,950.0,625,82.84507050341666,70.00680059075,12
1194719625,Detommasi,Allison,Cardiology,1735.0,1173,105.3824635432875,81.5612035496625,24
1194728774,Layden,Michael,Cardiology,2606.0,2166,50.447943018205,36.784804693975005,15
1194798926,Cheruvu,Sasi,Diagnostic Radiology,744.0,716,148.9546504655238,116.28655541696666,19
1194814574,Elliott,Rebecca,Family Practice,610.0,510,52.39389267316667,41.70284453866667,6
1194875310,Slatch,Harry,Urology,847.0,759,69.07819044958333,48.641318758416666,12
1194986257,Chaudhary,Faisal,Internal Medicine,82061.0,1087,60.006366579499996,43.27866523224737,19
1205029105,Turvey,Karen,Nurse Practitioner,1068.0,846,34.81664877380526,24.608926858226315,19
1205146149,Barnett,Mary,Family Practice,222.0,177,64.57681927920001,47.8514118724,5
1205368594,Calderon,Cristina,Family Practice,754.0,452,102.0041125846,80.7078005996,10
1205809266,Ling,Julie,Cardiology,6631.0,5290,71.384227490792,54.282434663357996,46
1205818911,Khan,Dastagir,Internal Medicine,246.0,143,100.8484046335,71.88581154650001,3
1205820727,Benton,Robert,Cardiology,4725.0,3699,153.38983845883513,119.7347259390054,36
1205828316,Kayayan,Ara,Internal Medicine,1000.0,731,37.08482174372222,27.49712269978889,9
1205831658,Chase,Michael,Gastroenterology,937.0,911,131.19347888838666,105.62718285599334,15
1205837077,Knapp,George,Family Practice,15762.0,9035,39.57906688331591,34.55933429415,44
1205837515,Wiley,Jennifer,Family Practice,1931.0,1423,44.28569266239231,38.69755753033077,26
1215006531,Kaplan,Eugene,Neurology,1950.0,202,132.0367151315625,103.1849013217,8
1215192653,Ippili,Rakhee,Internal Medicine,325.0,195,103.61454202666668,79.62642250933334,3
1215373600,Griffiths,Frederick,Internal Medicine,573.0,417,127.42718290533332,100.56507142066668,6
1215598693,Mcmillen,Laura,Nurse Practitioner,854.0,590,38.92357629888571,30.62006581665,14
1215929344,Trout,Charles,Family Practice,148.0,127,48.44501596095,23.456347710075,4
1215929377,Fitz,Grahame,Family Practice,1051.0,624,34.717607717679996,27.744631176400002,10
1215934724,Santoro,Carol,Internal Medicine,133.0,72,152.532384955,108.5738318585,2
1215969316,Clift,Richard,Gastroenterology,13751.0,1563,96.90340449145455,77.46460455510909,22
1215973896,Verrico,Ivelisse,Internal Medicine,132.0,111,53.975989418000005,32.89651263966667,3
1215986765,Beesley,Bruce,Neurology,6005.0,331,109.15402973905714,79.04657682291429,7
1225022668,Hoy,Christopher,Internal Medicine,111.0,57,164.0805071425,131.264792856775,4
1225030133,Mookherjee,Sulagna,Cardiology,1500.0,1319,78.664853983195,56.657512747199995,16
1225051253,Drzymalski,Zofia,Family Practice,3910.0,2992,26.513588377413157,24.67778401224474,38
1225057441,Sood,Vinay,Gastroenterology,541.0,486,139.600661942,106.570193765625,16
1225065733,Wolf,Evan,Physician Assistant,213.0,188,49.25405304896666,37.1590763861,3
1225118284,Fisher,Hugh,Urology,1110.0,905,68.81738750746875,48.91944267935,11
1225133754,Sidhu,Mandeep,Cardiology,234.0,165,82.1154832765,61.25130495475,4
1225179393,Ford,Micheline,Internal Medicine,601.0,168,159.871530025,128.0499789005,2
1225243215,Manfredo,Irene,Licensed Clinical Social Worker,198.0,11,114.72828283,91.466363636,1
1225287329,Shaikh,Gulvahid,Internal Medicine,343.0,202,110.57173442333333,88.20078480699999,3
1225321300,Parikh,Leslie,Cardiology,2019.0,1523,108.39043453635833,82.41775726111666,22
1225457039,Niyazov,Daniil,Internal Medicine,3039.0,2237,40.09883463021892,35.675048867927025,37
1235169285,Rahman,Shaheen,Urology,1937.0,1272,176.389296329515,136.18962714981998,20
1235184789,Buhac,John,Gastroenterology,688.0,617,111.53928202346154,88.94622897674616,13
1235189663,Parkes,Robert,Interventional Cardiology,1124.0,849,155.5016858256,116.98113955765555,8
1235195645,Cowen,Edwin,Internal Medicine,78.0,77,194.24788961333334,155.44717532666667,3
1235210626,Gerson,Jeffrey,Gastroenterology,6753.0,965,93.61948690694706,73.44357613038235,17
1235226739,Giuliano,Carmen,Internal Medicine,649.0,573,60.57877857125556,50.65508909702223,9
1235240771,Mckibbin-Vaughan,Deirdre,Physician Assistant,2662.0,712,46.65154705384,34.92493233746,5
1235306739,Posca,Anthony,Family Practice,260.0,253,168.320906434,127.6895000938,5
1235314527,Castronuovo,Susan,Ophthalmology,1744.0,1528,59.42090214341666,40.42056813410833,12
1235326356,Airhienbuwa,Noghama,Internal Medicine,488.0,346,122.34406243875,92.90614295875,8
1235364555,Hasnain,Mujtaba,Nephrology,185.0,140,98.74238430133335,78.6747381025,6
1235493123,Hirst,Colin,Interventional Cardiology,67.0,61,60.33,48.245000000000005,4
1235667940,Bilal,Sahar,Family Practice,276.0,170,129.88253518733333,101.85795305699999,3
1245234905,Liebers,David,Infectious Disease,247.0,137,99.8529947214,77.7159349472,5
1245268978,Navarro,Brian,Family Practice,1499.0,1157,30.15148725514348,26.061174278186957,23
1245287234,Gomez-Dossi,Francisco,Neurology,97.0,85,99.5254038295,51.047023809500004,2
1245289990,Hart,David,Neurology,461.0,417,138.30479979022223,92.38142848577779,5
1245305291,Vittengl,Morgan,Family Practice,24.0,24,28.064999999999998,28.064999999999998,2
1245518463,Jafri,Mikram,Internal Medicine,1888.0,1104,87.8929747291875,68.3224604831875,12
1245677426,Diaz,Luis,Family Practice,1651.0,1322,50.52090293885333,45.03219264468667,30
1245881382,Brown,Carylann,Physician Assistant,512.0,474,103.81851516142856,80.63595947605714,7
1255305553,Coombes,John,Gastroenterology,696.0,660,120.7436278370846,97.2094351954846,13
1255320891,Kraev,Igor,Family Practice,138.0,95,81.325485294,53.4765,2
1255330379,Karp,Russell,Diagnostic Radiology,342.0,342,75.265568751,59.281435417,3
1255383774,Coleman,Kenneth,Cardiology,2406.0,1748,99.86137946838181,75.38314786828636,19
1255501508,Pandey,Krupa,Neurology,135.0,102,142.75085001233333,106.54251262233333,3
1255520946,Eldredge,Daniel,Family Practice,587.0,369,84.66934507549999,47.827728310249995,4
1255575262,Warndorf,Matthew,Gastroenterology,8172.0,1138,103.3131527224421,81.47067538977895,19
1265427082,Macina,Andrew,Cardiology,890.0,563,91.592668849625,69.02814378904999,8
1265430326,Silber,Dennis,Physician Assistant,118.0,75,85.693644068,68.703644068,1
1265460547,Castillo,Sergio,Internal Medicine,327.0,317,145.18479788324998,126.29159005175,4
1265516017,Arnold,Hendrick,Internal Medicine,1595.0,1218,23.417931699276192,19.699596905038096,21
1265520779,Kim,Samuel,Diagnostic Radiology,3260.0,3202,60.92952847673182,47.34628210668182,17
1265689798,Fish-Merrill,Erica,Family Practice,1188.0,768,132.479256652,103.72202538214286,7
1265738017,Berman,Sesha,Internal Medicine,75.0,61,119.960102585,93.4732104865,2
1265884720,Francese,Amanda,Nurse Practitioner,607.0,557,76.90755788635714,55.57886048662143,14
1265937965,Chung,Jae,Internal Medicine,253.0,123,154.890623211,121.441271861,2
1275510786,Velarde,Regina,Internal Medicine,1276.0,1082,52.437568045338466,45.656361641400004,13
1275529794,Sacco,Joseph,Cardiology,34.0,27,96.396176471,63.402352941,1
1275641839,Argubano,Renee,Family Practice,607.0,418,47.35055338435,32.262292545600005,4
1275721797,Mavashev,Mikhail,Family Practice,635.0,379,95.75706501983332,73.11720604633332,6
1275793101,Gonsalves,Pierre,Internal Medicine,961.0,404,88.9994611372,68.63569644980001,5
1275913592,Borboa-Orduno,Isidro,Family Practice,331.0,323,157.16039663499998,113.34156866400001,4
1275927303,Parrotta,Erica,Neurology,196.0,151,172.08532735333333,128.67239688,3
1285149005,Leder,Kelsey,Physician Assistant,1093.0,1012,82.73248106381818,60.77992439543637,11
1285604231,Arenos,Daniel,Family Practice,397.0,255,64.59696569861428,54.39472314704285,7
1285621821,Zimmerman,Earl,Neurology,299.0,265,161.2931329375,104.49460457725,2
1285626473,Eisele,George,Nephrology,293.0,237,78.16909814,56.450294152599994,5
1285632349,Petridis,Deborah,Nurse Practitioner,22.0,16,85.610454545,68.620454545,1
1285724294,Mirza,Shahida,Family Practice,387.0,334,33.18340299954,27.189646077140004,10
1285727792,Lenihan,Michael,Neurology,7127.0,1000,102.48641274830769,72.96317723345385,13
1285742353,Mian,Badar,Urology,620.0,552,78.14396001391667,58.18741690858334,12
1285799585,Harrison,Mark,Cardiology,5266.0,3519,70.50479356867858,54.11303970535,26
1285808618,Chaudhary,Shawn,Internal Medicine,601.0,542,125.89059868899999,97.18733918618182,11
1285895714,Rutter,Ann,Family Practice,382.0,333,39.577298917,34.043865557454545,11
1285950675,Blackwood,Jordan,Cardiology,2047.0,1633,64.98153118013158,48.22202124741579,16
1295092237,Perazzelli,Stephen,Internal Medicine,807.0,504,92.10822944657143,72.50923527842858,7
1295120863,Posner,Shai,Internal Medicine,969.0,885,116.3754382868158,93.00461625491579,19
1295215291,Urbanek Freeman,Morgan,Physical Therapist in Private Practice,866.0,62,60.9769549265,48.1723145965,2
1295708253,Cuffe,Ronald,Cardiology,5306.0,3300,65.29713686101739,47.17483845810434,22
1295708691,Ravi,Natarajan,Internal Medicine,1262.0,575,134.94078773500001,104.8526849692,5
1295727873,Kim,David,Anesthesiology,160.0,159,74.23659310619999,60.3836558595,10
1295761435,Rodriguez-Goodemote,Renee,Family Practice,200.0,112,61.419348081,43.97783392,3
1295824134,Bermudez,Ingrid,Family Practice,614.0,363,51.467451869277774,43.21208422205555,9
1295927952,Durphy,Jennifer,Neurology,391.0,265,101.124083659,70.48241281760001,5
1295933174,Bunch,Marjorie,Neurology,251.0,213,106.28522166144444,74.87900465033334,7
1295994002,Guptill,Gloria,Internal Medicine,1632.0,1313,55.51451520266957,46.2046265601,23
1306075031,Ung,Won-Hong,Diagnostic Radiology,2283.0,346,77.50693658719999,50.84552195191,9
1306138789,Brooks,John,Anesthesiology,139.0,138,59.601303478,46.975851304,5
1306141684,Sazon,Tatiana,Family Practice,919.0,813,32.90978192360455,28.872914654877274,22
1306810775,Wagle,Eric,Diagnostic Radiology,37862.0,4167,82.18509154279107,59.59953583430357,51
1306831771,Smith,Vivienne,Cardiology,2017.0,946,105.20573128685334,80.66609914058,15
1306871595,Donohue,Robert,Internal Medicine,2882.0,1994,37.02970660384167,30.723448909716666,24
1306924303,Khan,Tarekul,Internal Medicine,904.0,497,109.3481962202,86.6381845704,5
1306980941,Moses,Eric,Anesthesiology,29.0,27,146.56137931,117.10655172,1
1316080864,Sapio,Nancy,Family Practice,29.0,16,96.81,62.816551724,1
1316122823,Metwally,Mark,Gastroenterology,20558.0,996,112.34360203255557,85.92048144983333,18
1316206998,Healey,Connor,Cardiology,6741.0,5009,137.85769545010817,108.15233000587959,47
1316934383,Arora,Darshan,Nephrology,1834.0,844,146.62093828643637,112.08651155889092,11
1316936073,Bain,Sean,Internal Medicine,415.0,289,91.24036901157142,74.10061418542857,7
1316938988,Battu,Vasantha,Internal Medicine,83.0,32,41.994819277,33.095421687,1
1316951072,Hicks,James,Family Practice,143.0,107,14.80748074225,14.3446235994,4
1316955123,Snider,Adam,Cardiology,4540.0,3266,113.77564036526842,84.19810648126315,18
1326040411,Defrancisco,John,Gastroenterology,663.0,608,140.06999838222666,110.05805752002,15
1326049958,Bailey,Anne,Certified Registered Nurse Anesthetist (CRNA),186.0,177,71.61135079,57.10352344033333,3
1326066994,Gelman,Leonard,Family Practice,592.0,365,32.564563105809995,25.703544162510003,10
1326078387,Gerstenbluth,Robert,Urology,2074.0,1533,111.90207603054444,83.9142380146037,21
1326085564,Manor,Denis,Cardiology,3187.0,2358,113.7150617269154,83.61646580086153,12
1326202938,Saeed,Syed,Internal Medicine,1259.0,576,114.2648481798,89.2530602864,5
1326531435,Nechyporuk,Oleg,Family Practice,842.0,525,84.57931531625,65.846037739,4
1336140375,Hendrickson,Paul,Anesthesiology,57.0,57,150.33310645775,119.956902511,4
1336146364,Feeney,William,Internal Medicine,579.0,435,70.390303852225,53.958117103925,8
1336146844,Michalek,Ann,Internal Medicine,66.0,49,51.6969318183,35.1988636363,2
1336148055,Phang,Robert,Clinical Cardiac Electrophysiology,3692.0,2516,206.4912786202375,160.84667885820832,24
1336177823,Rienzi,Peter,Internal Medicine,7127.0,5701,49.12650227148605,44.64588859583255,43
1336208354,Terry,Howard,Internal Medicine,252.0,88,75.68166552666666,58.173801149333336,3
1336229392,Gupta,Saaket,Internal Medicine,2582.0,2155,34.380378086467566,28.66957361687297,37
1336231844,Bevilacqua,Lisa,Family Practice,667.0,573,37.99591990568571,32.73312051375714,14
1336256221,Posada,Jose,Thoracic Surgery,113.0,100,193.240805499,154.182805499,5
1336299551,Cooper,Vincent,Urology,1122.0,962,143.89177032693703,110.18103738315925,27
1336526805,Emery,Zack,Family Practice,4949.0,3245,31.150604593833332,26.462555348719444,36
1336599216,Simao,Alexander,Family Practice,44.0,34,48.69083333335,39.76583333335,2
1336613785,Clayton,Dustin,Nurse Practitioner,433.0,322,84.1181467384,64.37083645742,5
1336887587,Nguyen,Ngan,Nurse Practitioner,92.0,86,50.760259829,43.958859829,3
1346209418,Verdini,John,Neurology,352.0,315,136.72687913625,95.21552122775,4
1346214970,Kroll,Douglas,Cardiology,7412.0,5420,72.52768177394243,53.50271870651213,29
1346234432,Angell,Alan,Urology,589.0,528,81.36504281145001,51.74826452274999,10
1346268075,Eaton,Carolyn,Family Practice,704.0,583,42.85582070833077,34.95067902571539,13
1346291655,Dhanani,Rahim,Nephrology,1862.0,798,162.1864366167857,125.08545891657143,14
1346358496,Coleman,Patrick,Family Practice,77.0,74,81.3587259615,41.9478545675,2
1346445194,Price,Marc,Family Practice,1146.0,837,69.49179288323077,62.74188594061539,13
1346483443,Otto,Brandon,Urology,840.0,704,111.2228010883077,84.80547007984615,13
1346535499,Lammly,Adam,Internal Medicine,1692.0,1441,61.4786394069,51.12362809794615,13
1346557030,Sazon,Alexandr,Family Practice,431.0,398,51.44424715798888,43.52404665654444,9
1346683521,Lobe,Montgomery,Internal Medicine,1394.0,687,115.9624437185,90.6201174655,4
1346900362,Yuen,Jasper,Nurse Practitioner,392.0,332,59.5630738615875,45.7545205045625,8
1346972098,Smith,Schyler,Physician Assistant,296.0,233,38.2474,33.5095751634,10
1356315907,Yen,Michael,Interventional Cardiology,3341.0,2618,95.96568910653,72.71823092610333,30
1356345326,Bernstein,Michael,Cardiology,2760.0,1869,110.91488511086,83.22397094023499,20
1356433858,Habib,Nazia,Internal Medicine,271.0,167,116.29724158425,93.02474158475,4
1356509574,Gianotti,Robert,Gastroenterology,16436.0,1141,92.7641205200909,72.54957670002273,21
1356593883,Lyubarova,Radmila,Cardiology,5285.0,3670,76.81636575252962,58.62791977771852,23
1356600670,Vivenzio,Maria,Internal Medicine,601.0,387,91.88775228914285,72.90177080785715,7
1356760342,Callinan,Nora,Family Practice,261.0,198,83.77917835061001,68.50463603591,10
1356761894,O'laughlin,John,Internal Medicine,1822.0,1702,147.1448532894091,113.16945820173181,19
1356784839,Tetreault,Nicole,Family Practice,2404.0,2100,34.410285980462966,32.41891049728889,27
1356985808,Varughese,Preeti,Family Practice,434.0,322,59.145311729625,43.763913606175,6
1366403172,Sgambati,Stephen,Family Practice,284.0,161,68.4319248825,41.51129108,2
1366436230,Mok,Ki-Tae,Internal Medicine,695.0,412,107.1636766842,78.5624731906,5
1366455248,Okere,Henry,Internal Medicine,2237.0,1431,71.514971610155,56.74693653722001,20
1366458895,Braverman-Panza,Jill,Internal Medicine,807.0,594,47.394511541966665,34.022534147275,12
1366515595,Piacentine,Stephen,Cardiology,2203.0,1438,105.84904814433334,80.54410511795238,18
1366522310,Sorrentino,Stephen,Internal Medicine,62.0,61,183.27015,125.281766665,2
1366528523,Syed,Zainul-Abideen,Gastroenterology,170.0,156,117.17127668416667,79.66928889783334,6
1366557720,Condy,Angela,Family Practice,161.0,100,72.86586124050001,44.916455038500004,2
1366602971,Raymond,Sara,Diagnostic Radiology,2999.0,2874,32.831054751364285,25.785977180464283,14
1366685802,Robeson-Gewuerz,Kimberly,Neurology,345.0,255,97.94199814741667,69.48205038358334,10
1366735441,Parikh,Parag,Interventional Cardiology,798.0,715,178.15333202716667,133.92756601371667,11
1366892077,Dhingra,Rohit,Gastroenterology,226.0,165,111.91352941166667,89.16627450966666,3
1366892374,Ferro,Michael,Family Practice,261.0,182,80.309862502625,68.47427693725,5
1376535559,Letteriello,Denise,Internal Medicine,399.0,317,58.969925523600004,47.710990974742856,7
1376537878,Papandrea,Louis,Cardiology,2050.0,1394,104.21633958532223,80.84652968117223,18
1376563452,Fusella,Joseph,Family Practice,2708.0,1812,28.881436733140905,25.13963340539091,22
1376571547,Sherman,Sherry,Physician Assistant,977.0,776,33.4566671637,27.987689809633334,12
1376582411,Palmieri,Philip,Infectious Disease,521.0,304,96.822030746,72.62066258466666,6
1376627208,Pathirana,Priyangika,Internal Medicine,738.0,459,58.29862646286667,36.39090081771666,6
1376690974,Mcbride,Susan,Physical Therapist in Private Practice,1604.0,247,37.27465720328,28.171494784639997,5
1376717306,Hanson,Julie,Audiologist,531.0,490,43.11691803,30.637906221,5
1376727305,Narayan,Rajeev,Interventional Cardiology,4196.0,3212,116.72112784805,90.54077470081667,35
1376854646,Vachon,Cary,Family Practice,1953.0,1684,30.635184370414997,25.648037150240004,20
1376867325,Bewley,Benoit,Cardiology,6379.0,4971,62.943324475855,47.9699824124925,38
1386275303,Groat,Danielle,Nurse Practitioner,70.0,70,58.5166666665,46.62555555555,2
1386277051,Jones,Alayna,Nurse Practitioner,412.0,376,84.962655929,66.55564283014999,4
1386673424,Gumustop,Bora,Gastroenterology,901.0,765,123.75638096978234,99.57969654200588,17
1386711612,Nebres,Jose,Internal Medicine,321.0,98,77.55183848333333,54.69703433033334,3
1386728210,Musto,Ronald,Internal Medicine,2528.0,1956,38.27963032048333,34.34993016818333,30
1386733764,Dorsey,Susan,Internal Medicine,8122.0,6028,42.30763711992999,36.901651093758,49
1386734713,Cruz,Alan,Family Practice,603.0,423,118.66937712533333,91.48398206399999,6
1396000212,Forestal,Medgina,Family Practice,51.0,39,84.4388333335,70.55180952399999,2
1396011219,Stahura,Heather,Cardiology,8194.0,5997,133.8939255141059,105.17718895961177,45
1396059366,Ahmed,Naeem,Internal Medicine,166.0,153,184.46778982,141.21792775,2
1396125472,Fusella,Marissa,Family Practice,593.0,422,37.17893493697272,28.764382007427272,11
1396733408,Teetz,Rick,Family Practice,686.0,482,93.87717849614286,72.02335882,7
1396759767,Reali,Dean,Internal Medicine,740.0,476,89.14681461775,70.535054740875,8
1396989869,Cornish,Chad,Gastroenterology,488.0,442,132.31182807008335,99.88595477291666,12
1407018393,Kayi,Pooja,Internal Medicine,305.0,215,91.09106261966667,72.61097394533333,3
1407055734,Portuese,Thomas,Family Practice,466.0,410,26.27358279326,15.5273117237,15
1407152630,Singh,Gurpreet,Internal Medicine,1256.0,682,95.12934913433332,74.76606292066667,6
1407163827,Lieu,Jason,Family Practice,328.0,187,71.82771099671429,54.04907430171428,7
1407239718,Abu Kar,Abdullah,Internal Medicine,1103.0,515,123.0109425835,97.6817784475,8
1407427453,Colabello,Amanda,Nurse Practitioner,468.0,395,85.14845959166666,61.910987124966674,3
1407827462,Burchell,Randall,Family Practice,59.0,57,62.705172413999996,20.04683333335,2
1407841661,Pelnik-Fecko,Tricia,Internal Medicine,251.0,187,63.62603274125001,40.24872612575,4
1407842750,Borden,Jennifer,Family Practice,293.0,171,73.013640828,42.355459299,2
1407879026,Chan,Cindy,Internal Medicine,1799.0,1481,37.10035560106364,30.617472650290907,22
1407879612,Dempsey,Stephen,Cardiology,2937.0,1847,95.57195979950372,72.74763380094444,26
1407880784,Engelmyer,Eric,Urology,1253.0,928,102.90416825263571,77.02938929173571,14
1407965361,Longo,Franklin,Ophthalmology,1600.0,1339,93.17340736690001,63.924835582499995,10
1417110651,Kim,Richard,Internal Medicine,321.0,176,64.68665708943333,45.63352490423333,3
1417342361,Aarons,Alexandra,Family Practice,4020.0,2839,31.857370123482223,28.078639612948887,45
1417482985,Boyle,Evan,Internal Medicine,217.0,90,67.22333333333334,53.56,3
1417945510,Dooley,Kevin,Family Practice,557.0,399,100.29956045971666,77.57505219853333,12
1417954058,Aram,James,Family Practice,169.0,144,103.90065825280001,88.2931171974,5
1417957713,Bernardini,Gary,Neurology,152.0,104,122.13936507325,86.12271728675,4
1427042399,Molho,Eric,Neurology,733.0,425,115.69358345619999,80.5880527641,10
1427045459,Weaver,Susan,Neurology,518.0,213,85.7154784358875,66.4161071975125,8
1427050954,Celmins,Dzintra,Neurology,561.0,461,124.03772496250001,90.65673286716667,6
1427077429,Lindman,Harry,Family Practice,20.0,15,89.3145,57.1885,1
1427078054,Roche,Sean,Family Practice,406.0,371,45.281513451691666,38.74759754260833,12
1427078500,Ianniello,Louis,Family Practice,1924.0,1382,33.9496298004,28.78087158225,20
1427308980,Cunningham,Daniel,Family Practice,519.0,363,79.89185010345555,63.131953366122225,9
1427454768,Barney,Kelly,Certified Registered Nurse Anesthetist (CRNA),36.0,36,46.290833333,36.941944444,1
1427478056,Bowen,Brady,Internal Medicine,244.0,206,81.46696660033334,57.666984787833336,6
1437163045,Stetzer,Rebecca,Family Practice,440.0,272,100.41380614557143,72.9596773797143,7
1437194966,Zimring,Debra,Family Practice,799.0,609,35.1684403055375,30.5106402574125,16
1437470804,Stringer,Matthew,Urology,650.0,470,91.12093885414286,71.42298895757143,13
1437508702,Nemeti,Alison,Family Practice,1252.0,1079,44.84911265938125,38.29448750681875,16
1437533700,Henze,Julia,Physician Assistant,602.0,537,66.40808288775,47.63337105550833,12
1447229646,Hayes,Joseph,Internal Medicine,369.0,259,92.1265200217143,69.41884022442858,7
1447244371,Berg,Jonathan,Family Practice,1436.0,1247,40.64378348859048,31.26457632344762,21
1447249198,Pallis,Evangelos,Internal Medicine,541.0,324,115.68452136514286,92.65804112228571,7
1447368113,Tenenboym,Alexander,Anesthesiology,79.0,79,108.81553605020001,86.8138857002,5
1447498076,Hussain,Sajid,Gastroenterology,800.0,714,118.63737772959092,91.47016177571818,22
1447567649,Nietsch,Hubertus,Gastroenterology,25.0,24,115.16711538499999,86.86009615500001,2
1447604202,Heins,Carolyn,Family Practice,335.0,235,111.89404497457143,89.97367613028572,7
1457095309,Orong,Maureen,Nurse Practitioner,77.0,62,66.88939393933333,53.29696969696667,3
1457326399,Merritt,Patricia,Family Practice,1220.0,779,67.88911322387,60.144608316610004,10
1457365074,Rowley,Jennifer,Infectious Disease,907.0,388,152.0033182624,117.74937715000002,5
1457380594,Ben,Matthew,Gastroenterology,10588.0,887,98.58465870153,77.807040688265,20
1457436677,Boka,Suzanna,Internal Medicine,47.0,17,132.15042553,91.118297872,1
1457457855,Syed,Iftikhar,General Surgery,166.0,147,224.64232232057142,178.949185219,7
1457511057,Frawley,Bridget,Neurology,337.0,221,107.929853951375,77.023542447625,6
1457531410,Zhu,Xinjun,Gastroenterology,714.0,629,99.57792867970834,77.12556815238334,12
1457558108,Giovannone,Steven,Clinical Cardiac Electrophysiology,2197.0,1791,223.89629669509355,176.69320054249033,30
1457668147,Mahon,Hiromi,Family Practice,908.0,576,36.7942618568875,28.374544125012502,16
1457709578,Castellano,Andrew,Internal Medicine,378.0,334,79.72123537444445,63.53979171699999,8
1457795197,Chattathil,Thomas,Family Practice,289.0,162,61.38742231794,49.55064878232,5
1457883753,Jattala,Rizwan,Internal Medicine,420.0,159,81.83858995633334,65.34810467666667,3
1457943169,Fraczek-Syczyk,Matthew,Chiropractic,101.0,13,27.25,17.784554455,1
1467444208,Carsillo,Vincent,Internal Medicine,1927.0,1006,154.91977410444443,120.4136537508889,18
1467450890,Dare,Ian,Physician Assistant,151.0,110,76.36956928133333,61.244824658000006,3
1467452441,Abess,Gerard,Family Practice,4827.0,3473,25.915463699584617,22.95775196617436,39
1467612838,Marks,Elizabeth,Internal Medicine,369.0,306,41.20412584859999,31.659285912742856,7
1467754200,Reddy,Swapna,Dermatology,13.0,13,91.21,16.886923077,1
1467771444,Newton,Scott,Internal Medicine,721.0,431,92.06793518157143,72.435822218,7
1467871178,Inouye,Brian,Urology,374.0,297,83.53529798636154,62.79099302718461,11
1477503936,Chang,Theodore,Urology,2092.0,1588,232.97908276450528,179.99131389689472,19
1477528537,Spillane,Eileen,Family Practice,266.0,201,56.174165105,31.812834086499997,4
1477529048,Pramenko,John,Family Practice,92.0,57,128.97778485666666,89.93218627466666,3
1477535458,Mirza,Ali,Internal Medicine,386.0,173,109.0110793492,85.6062866662,3
1477556181,Rowley,Patrick,Cardiology,2415.0,1990,52.52758853456,38.62084978154,16
1477588747,Ismail,Mohammed,Internal Medicine,326.0,108,85.8035885,63.2494380686,5
1477707552,Mcdermott,Brian,Infectious Disease,922.0,572,124.03938164825,98.89126618925,4
1477828796,Mohabir,Anthony,Diagnostic Radiology,7282.0,5415,47.6620863523359,37.5117701639641,67
1477915411,Gregory,Jennifer,Internal Medicine,926.0,607,123.30169224742858,96.916449266,7
1487048740,Cozens,James,Family Practice,484.0,443,179.19647037,140.90247238199998,5
1487092615,Spaulding,Christina,Family Practice,293.0,244,34.42308014734545,30.627511965436362,11
1487272563,Mulhall,Brittany,Nurse Practitioner,735.0,583,82.79291146833333,56.91214916763334,6
1487636254,Puleo,James,Gastroenterology,8952.0,1261,95.11358629100455,73.24963833620001,22
1487636874,Petracca,Anthony,Family Practice,5854.0,3888,29.238879864164,24.561190171536,50
1487653101,Alger-Mayer,Sharon,Family Practice,201.0,118,45.4574226858,33.12482072296667,2
1487668968,Stratton,Jennifer,Family Practice,94.0,75,14.882677174625002,14.335891460325001,4
1487734430,Kaufman,Ronald,Urology,769.0,587,62.09902861883571,47.149151342385714,10
1487740080,Gregorian,Antonio,Family Practice,648.0,430,55.04489544025,38.53301124975,4
1487744116,Kiehl,Anita,Infectious Disease,482.0,267,133.9414930298,105.93322636079999,5
1487889994,Colman,David,Family Practice,470.0,340,74.055503232925,57.590813804508336,12
1497169486,Roberts,Melissa,Family Practice,128.0,107,73.4297437714,49.9005985548,5
1497701635,Holub,Richard,Neurology,683.0,492,254.77639524,192.0457123225,4
1497740864,Shah,Parag,Cardiology,6800.0,4750,203.1102824029795,159.52735746804103,38
1497751010,Windle,Edwin,Internal Medicine,1370.0,608,107.49418071580001,84.983672204,5
1497757231,Higgins,Deborah,Certified Registered Nurse Anesthetist (CRNA),12.0,12,153.26666667,122.13416667,1
1497759740,Boyar,George,Gastroenterology,617.0,559,134.73412388363636,108.14977837645455,11
1497790430,Engelstein,Martin,Urology,1924.0,1427,101.38868640434285,70.22661811487144,7
1497841860,Mustafa,Marianne,Family Practice,1184.0,993,79.00867692331249,65.919369739175,15
1508016692,Lei,Biao,Anesthesiology,492.0,442,287.9900915168417,230.09995781775834,12
1508051517,Applebee,Angela,Neurology,22260.0,263,122.70893137736668,91.48418243761667,6
1508190307,Devarakonda,Mahalakshmi,Internal Medicine,767.0,495,128.7815504812,102.3934483346,5
1508284324,Ahsan,Lusana,Cardiology,537.0,430,98.42677478525,73.45839807008333,11
1508431784,Omorogbe,Marie,Nurse Practitioner,318.0,301,84.84634336875,66.4148115072,4
1508834060,Phillips,Roland,Cardiology,3118.0,1842,70.09062233716897,51.358868888341384,25
1508834540,Kondo,Nicholas,Cardiology,2513.0,1604,81.87581181576087,58.62109018440869,22
1508850033,Atalay,Hasan,Cardiology,3374.0,2264,103.15221452606667,79.34684073972858,21
1508868415,Henriques,Edgar,Internal Medicine,1279.0,490,114.934434748,91.348342248,3
1508915661,Gelder,Agnes,Family Practice,41.0,26,54.477894737,43.537894737,2
1508977398,Braungart,Carol,Nurse Practitioner,120.0,114,40.2970871171,28.584868537300004,5
1518109438,Niedbalec,Erica,Internal Medicine,479.0,302,102.75675332680001,83.44446617759999,5
1518932458,Reyes,Juanito,Family Practice,33.0,33,46.267857143,9.852857143,2
1518956838,Davidowitz,Marvin,Internal Medicine,979.0,542,105.23305955785715,83.55684595014286,7
1518958610,Kayalar,Atilla,Cardiology,2553.0,2074,49.67330393780556,36.91536541002222,16
1528028578,Khan,Abdul,Neurology,580.0,508,160.2778895005,121.438220232,7
1528061967,Forman,Everett,General Practice,319.0,179,84.8616278893,67.42876737105,4
1528069010,Damico,Paul,Certified Registered Nurse Anesthetist (CRNA),24.0,24,107.8009440575,83.490454545,2
1528188836,Lafaver,Kathrin,Neurology,476.0,437,111.15617732142857,77.49291472,7
1528327582,Ulmer,William,Urology,1235.0,738,38.57271464675715,28.369791111828572,14
1528373198,Navarro,Carlos,Cardiology,549.0,469,97.19177847472498,74.22260265164167,11
1528464070,King,Kevin,Internal Medicine,243.0,88,49.879154457,40.15904118866667,3
1528595147,Pandu,Asha,Internal Medicine,174.0,149,83.59905501625,61.093071908,4
1538141601,Coppens,Thomas,Family Practice,4963.0,3391,26.392693046589585,23.24430225933958,48
1538162235,Layden,John,Cardiology,3648.0,1904,46.592470158935,34.69405232535,19
1538167697,Roccario,Eric,Interventional Cardiology,1770.0,1658,198.99350617906666,154.01528270897143,21
1538178504,Costello,Laura,Obstetrics & Gynecology,1188.0,1187,70.03319984308571,50.5558720818,7
1538187406,Belova,Natalya,Gastroenterology,7179.0,535,119.70567743146154,88.88539435584616,13
1538190707,Zivkovich,Russell,Family Practice,412.0,198,78.635302534625,65.90200837124999,8
1538191101,Polito,Joseph,Gastroenterology,12390.0,1148,93.64470029539231,73.19914966845384,25
1538328331,Conner,Sean,Internal Medicine,996.0,544,97.098680656,76.1204434344,5
1538353008,Daraban,Nicoleta,Cardiology,2431.0,1955,68.78023229108148,52.25349602183704,23
1538435912,Lema Gutierrez,Sergio,Internal Medicine,573.0,361,95.6032090945,73.31010753716667,6
1538573514,Mall,Iram,Family Practice,1071.0,751,38.389291825953336,29.94333737052,15
1548256167,Thomas,Christopher,Family Practice,490.0,411,83.740837516525,61.724711109608336,12
1548262249,Schumacher,Thomas,Nephrology,2492.0,1047,152.3969672203125,117.85105296649999,16
1548262991,Yadegari-Lewis,Nasrene,Internal Medicine,1554.0,1275,27.686998235620834,23.703929078041668,24
1548268881,Keefe,John,Physician Assistant,350.0,261,95.48346850866666,73.82527852919999,6
1548296221,Dibble,Colleen,Internal Medicine,285.0,206,48.4380848842,36.280925786,5
1548340599,Siebeneck,Hillary,Dermatology,2082.0,1288,108.554615103875,72.754154102125,8
1548444664,Uzzilia,Jeffrey,Cardiology,14121.0,6243,132.1465955456,103.02604166257998,48
1548475585,Marino,Lauren,Audiologist,319.0,319,31.13801958275,23.420635939,4
1548498496,Ouaknine,Simon,Urology,254.0,238,77.57432312233,56.56152394667,8
1548581887,Oommen,Ronnie,Family Practice,769.0,475,105.58926888616666,84.05109715283334,6
1558328047,Santos,Kristen,Internal Medicine,932.0,588,59.5997450501625,37.730109494625,7
1558369611,Odabashian,Harry,Cardiology,787.0,567,102.22357175246668,73.76752630863332,3
1558626309,Nazar,Alina,Family Practice,1149.0,972,48.16735919364762,40.48870232772381,20
1558680504,Demarest,Susan,Internal Medicine,502.0,303,66.0131234752,51.666708539430765,13
1558720870,Hebert,Morgan,Podiatry,1778.0,975,69.88115003376923,50.455433786307694,13
1558854349,Gurung,Yashuda,Family Practice,68.0,46,110.20389366200001,71.482669173,2
1568444719,Merrihew,Donald,General Practice,903.0,393,53.20535310225,35.023815402083336,6
1568454577,Kopff,Heather,Internal Medicine,789.0,659,44.57686502296,36.4183820567,10
1568457943,Morris,R,Cardiology,6310.0,4131,167.11468320906002,130.32834618238,34
1568467918,Bauer,William,Gastroenterology,954.0,884,157.69926151880003,127.77129647754285,14
1568509800,Brandow,Ruth,Internal Medicine,38.0,37,74.5820875425,44.355976431,2
1568549525,Shahata,Hani,Nephrology,6321.0,3055,106.178928079,83.23221943110526,19
1568551943,Cleney,Holly,Family Practice,1991.0,1716,37.35632481182963,32.114353383385186,27
1568569549,Woods,Kevin,Cardiology,12440.0,3771,141.56404910691458,110.96925427273543,47
1568576379,Paeglow,Robert,Family Practice,647.0,369,59.695118616476925,49.39227532383077,13
1568621431,Volo,Samuel,Cardiology,1780.0,1558,142.87149657801362,111.77582405127727,22
1578536991,Messitt,Christopher,Family Practice,802.0,599,106.83710077045454,94.73091363763636,11
1578537452,Miller,Roberta,Internal Medicine,294.0,186,106.23700187200001,77.24012155622222,9
1578564738,Kemp,Jonathan,Anesthesiology,50.0,50,67.341524064,53.7222058815,4
1578582334,Macri,Frank,Licensed Clinical Social Worker,230.0,15,109.81904348,85.51973913,1
1578659173,Sam,Olai,Family Practice,316.0,226,44.942388626075,29.932617120575,4
1588609895,Menakuru,Padmapriya,Internal Medicine,1822.0,938,127.97516206649999,99.974531571375,8
1588750186,Fera,Frank,Internal Medicine,931.0,598,44.99585288864444,29.935200854088887,9
1588806608,Provost,Justin,Gastroenterology,530.0,495,131.150135935,99.53900628480001,10
1588930770,Pashkovetsky,Eugene,Cardiology,6092.0,4474,120.00233266376223,95.11594070434889,40
1598115446,Prathipati,Sushma,Family Practice,218.0,158,92.5164115714,72.07887552140001,5
1598185522,Goldstein,Jason,Internal Medicine,329.0,324,198.417440435,154.68934151000002,2
1598785537,Murphy,Christopher,Family Practice,86.0,74,75.709192209,52.72690796033333,3
1609074897,Ahmed,Shahid,Internal Medicine,1073.0,568,95.87841702766667,76.56424056533334,6
1609214394,Bifaro,Joanne,Family Practice,390.0,291,57.94430600203636,47.82661161021818,11
1609263748,Evans,Anne,Family Practice,6537.0,4881,29.393262535032726,24.52707252503091,55
1609307537,Barnum,Hope,Family Practice,2523.0,1959,41.67144923756296,35.78488726391851,27
1609370642,Beesley,James,Anesthesiology,14.0,14,90.929285714,72.445714286,1
1609832096,Kandath,David,Cardiology,4051.0,2428,88.49834590284762,65.17782464504762,21
1609892314,Eusebio,Sloane,Chiropractic,139.0,15,27.116115108,20.611726619,1
1619066099,Greenblatt,Michael,Internal Medicine,2493.0,1828,39.84370895712857,34.41476630823214,28
1619355591,Ather,Kashif,Cardiology,2697.0,2192,70.76575526805173,54.4890103655069,28
1619381696,Maqsood-Latif,Mehreen,Family Practice,442.0,199,112.30649541625,89.86111140425,4
1619434057,Malsch,Sarah,Physician Assistant,1058.0,974,59.91005097658824,44.25671266184118,17
1629014279,Cardiel,Alexander,Family Practice,233.0,146,53.712593479,33.773055164750005,4
1629017629,Poli,Kim,Cardiology,615.0,497,110.99398303384285,80.58340297211429,7
1629021753,Ford,David,General Surgery,116.0,81,168.8890574,123.255410627,4
1629022454,Fowler,Karin,Physician Assistant,40.0,40,59.604636591,47.699636591449995,2
1629035472,Fatone,Christopher,Family Practice,199.0,181,68.168747193,39.091017028500005,2
1629038930,Adetona,Adetutu,Family Practice,1205.0,709,59.88625690542352,45.55980567630588,17
1629060652,Pica,Laura,Internal Medicine,566.0,484,63.38740359457143,53.198477901271424,7
1629060736,Hoenzsch,Ronald,Internal Medicine,936.0,844,49.72572796264444,41.24134196643333,9
1629060819,Swicker,Stefan,Internal Medicine,718.0,582,44.70630200779166,32.29229557981667,12
1629063979,Murnane,Matthew,Neurology,410.0,297,78.64225164655555,59.04373948311112,9
1629069679,Gill,Tariq,Diagnostic Radiology,4552.0,4365,32.47352338621795,24.25447451126923,39
1629152301,Petersen,Lauris,Family Practice,51.0,36,118.05714562233334,84.03997984966666,3
1629253547,Messina,Anthony,Cardiology,4780.0,3285,71.099994898112,55.268082765272,20
1629272059,Derenzo,Timothy,Family Practice,682.0,219,55.17527964000001,41.26825249433333,3
1629385315,Aigbe Lebarty,Nosa,Family Practice,272.0,245,115.59251666661818,87.7830607638,11
1629413075,Hausler,Theodore,Family Practice,274.0,228,86.69516794692223,62.941475893366665,9
1629587894,Sacks,Jessica,Physician Assistant,344.0,306,88.51703746366667,70.881840409,3
1639155153,Akbari,Ghulam,Internal Medicine,1723.0,565,105.2482002915,82.02685897425,4
1639161771,Fein,Steven,Cardiology,2017.0,1716,52.29667188201875,37.63544311594375,14
1639185416,Mclean Bennett,Jacquelyn,Family Practice,318.0,237,60.18864903821666,38.8107830297,6
1639187826,Peterson,Charles,Cardiology,2779.0,2108,115.80799267685555,86.19616652501666,17
1639221450,Friedman,Mark,Podiatry,2140.0,1013,74.28043663515557,53.94892298562222,18
1639269954,Fogarty,Joanne,Internal Medicine,138.0,94,62.7937179475,53.76233974350001,4
1639279912,Smith,Derek,Internal Medicine,57.0,55,204.20343254,162.70315476,2
1639358682,Liton,Afroza,Internal Medicine,1365.0,479,123.217539887,97.262632352,5
1639441801,Cromie,William,Urology,885.0,297,68.43490544983332,54.34633290783333,6
1639497365,Bravo,Enrico,Internal Medicine,97.0,91,143.639220551,112.97914614724999,4
1639638406,Mcphillips,Amy,Family Practice,12.0,11,88.038333333,58.291666667,1
1639673239,Reyes,Myladis,Internal Medicine,321.0,289,58.309373131125,48.383377376158336,12
1639824162,Ash,Morgan,Nurse Practitioner,169.0,152,58.26455873433334,46.04279740173334,3
1649278078,Bishop,Gregory,Interventional Cardiology,1667.0,1396,170.55129842945001,133.58145436842,20
1649279555,Clarke,Paul,Physician Assistant,99.0,16,104.88585859,76.898484848,1
1649286170,Parisi,Patrick,Cardiology,3455.0,2286,104.33040657684117,74.75323287272353,16
1649295254,Back,Ephraim,Family Practice,129.0,85,16.70092222285,15.86361453055,4
1649354499,Wolff,Michael,Internal Medicine,4844.0,3571,29.961708597234885,24.59297760965581,43
1649360009,Aitken,Geri,Family Practice,1910.0,1575,46.211037022157896,42.34098227694737,19
1649369026,Goldberg,Steven,Internal Medicine,6693.0,4859,32.32459269173023,29.408411143634883,43
1649381435,Hyde,Natalie,Physician Assistant,1682.0,1369,46.73028107631852,41.12740911361852,27
1649412982,Miles,Michael,Internal Medicine,11.0,11,9.52,9.52,1
1649447897,Belarmino,James,Urology,973.0,806,91.87748945426112,70.97446516164445,18
1649664970,Pfeiffer,Catherine,Internal Medicine,502.0,334,111.49004882029999,88.5430725972,10
1649692849,Bastien,Carl-Frederic,Internal Medicine,714.0,609,106.10858794460835,79.36754778985834,12
1649776311,Nolan,Donna,Internal Medicine,1124.0,820,72.29849678575,59.53677759464444,18
1659300283,Murphy,Christine,Internal Medicine,3106.0,1040,115.04956291139999,91.33753160994999,10
1659313898,Lynch,Timothy,Neurology,295.0,218,106.88368335614284,77.62003181342857,7
1659325397,Miller,Craig,Physician Assistant,2058.0,1408,70.02838240394445,50.886440225533335,18
1659329894,Nolan,John,Cardiology,1868.0,1249,122.51324769122223,87.66130372955556,9
1659346427,Sulkow,Jennifer,Physician Assistant,604.0,430,62.961168231600006,44.5470936924,5
1659353027,Cunningham,David,Family Practice,6504.0,4413,39.82039153015714,32.39686886589207,63
1659370583,Barada,James,Urology,795.0,665,123.03470976791665,94.76054702878334,12
1659398097,Viola,Theresa,Family Practice,1288.0,886,34.2815787401,29.895508792054546,22
1659415693,Roddy,Kristina,Infectious Disease,540.0,360,118.6314656135,92.02819014483333,6
1659446391,Spanaki-Varelas,Marianna,Neurology,175.0,157,112.64357800457142,79.9506720502857,7
1659450278,Beer,Yoram,Urology,2819.0,2407,60.219336982073074,44.53963598015385,26
1659495620,Dunne,Christa,Internal Medicine,589.0,428,53.30998463938572,43.91050705043572,14
1659592616,Dawson,Catherine,Internal Medicine,719.0,400,101.136188862,79.3318927765,6
1659735769,Haas,Madeline,Family Practice,158.0,117,55.1141266662,44.55003377403333,6
1659803807,Bernier,Benjamin,Internal Medicine,1488.0,825,125.40252831116668,97.01037387883333,6
1659931848,Elfaki,Hala,Internal Medicine,713.0,399,76.1859031888,59.1693824622,5
1659939544,Kuehn,Stephen,Family Practice,419.0,403,42.6663917224,38.85051515153334,15
1669415501,Waldman,Jonathan,Internal Medicine,1545.0,1242,114.21342125858332,89.53970477508334,7
1669433496,Berman,Jessica,Family Practice,1175.0,894,47.25837403903158,42.02988962034736,19
1669445326,Pazienza,Joseph,Diagnostic Radiology,3046.0,1618,44.298102031633334,32.91846366389091,28
1669464889,Kowal,William,Internal Medicine,668.0,560,44.646445708507684,38.325578821284616,13
1669551016,Litynski,James,Gastroenterology,252.0,235,129.962003415125,94.00792679825,8
1669566089,Goetz,David,Gastroenterology,6112.0,538,114.55904790815714,87.69528623051428,14
1669872495,Garg,Aakash,Cardiology,213.0,200,244.4155151522,194.7475676766,5
1679005326,Morales,Krista,Family Practice,1094.0,973,50.47562891297895,42.72444739587368,19
1679563019,Barach,Bruce,Plastic and Reconstructive Surgery,1150.0,779,157.36822506413685,119.30980354980525,19
1679576219,Gray,Peter,Cardiology,1376.0,730,61.3194559926,42.63621221194,10
1679597975,Vassolas,George,Clinical Cardiac Electrophysiology,2144.0,1544,99.57663910665455,73.74565634940001,10
1679913164,Chaudry,Asim,Internal Medicine,1101.0,633,117.31429418357142,92.741580765,7
1679916605,Makkiya,Mohammed,Cardiology,1233.0,1102,65.29884873914348,50.686232497926085,21
1679937338,Volkell,Gary,Neurology,7986.0,560,150.11963282856365,117.72563503159999,10
1689051740,Shultz,John,Internal Medicine,991.0,530,134.9217155522,101.6833965576,5
1689263600,Oommen,Teena,Physician Assistant,333.0,302,79.606243105,62.17084342883334,6
1689674095,Bartholomew,Catherine,Gastroenterology,84.0,80,119.4476259015,81.39246075725,4
1689679029,Yarze,Joseph,Gastroenterology,710.0,671,142.90476679883847,109.47789201781538,11
1689725301,Bhavsar,Tej,Internal Medicine,4668.0,2495,37.893658974825,31.149356505025,32
1689737744,Bhoiwala,Laxmikant,Internal Medicine,409.0,80,106.3529854185,75.1566686425,2
1689764227,Chakraborty,Ranen,Family Practice,951.0,842,37.67452051908096,33.94249148350952,21
1689870115,Pamidimukala,Neelima,Internal Medicine,527.0,287,86.00334131974999,68.88780235175,4
1689945206,Gran,Arthur,Infectious Disease,1029.0,637,99.18373716055555,77.82518373744443,9
1699060368,Cortazar,Frank,Nephrology,1584.0,965,150.5600486070625,116.7977802859375,16
1699098806,Reed,Timothy,Internal Medicine,800.0,526,94.08777342588888,74.73451062866667,9
1699150839,Umar,Zarish,Internal Medicine,290.0,141,110.28530527699999,87.7396532466,5
1699747147,Bloomberg,Alan,General Practice,155.0,141,46.27143055516667,38.93725279666666,6
1699777029,Powell,John,Internal Medicine,21.0,21,195.41904762,133.42619048,1
1699777136,Cleveland,Byrd,Family Practice,43.0,25,142.77046512,101.90162791,1
1699789164,Stevens,Noelle,Family Practice,376.0,253,70.9040691132,56.010264601799996,5
1699793539,Bashir,Iqbal,Interventional Cardiology,3641.0,3023,50.97191511625834,38.04972514475417,22
1699887075,Edasery,Beppy,Cardiology,77.0,49,146.388388363,117.058388363,2
1700023868,Dirusso,Michael,Nephrology,1527.0,721,149.23563322684615,113.9901775486923,13
1700089356,Hanspal,Era,Neurology,566.0,362,110.49213145528573,81.566671156,7
1700196086,Cody,Megan,Physician Assistant,2514.0,1231,141.96185922056364,107.17792559534546,11
1700267697,Di Bari,Jeremy,Family Practice,542.0,380,33.294602675409095,27.225141706772728,11
1700380326,Belasen,Abigail,Internal Medicine,884.0,464,115.068446965,89.68266586425,4
1700890654,Rayeski,Suzanne,Internal Medicine,764.0,440,92.05972493014285,71.523418917,7
1700966751,Patterson,Norman,Diagnostic Radiology,1277.0,1253,53.10803906782273,38.93665882805909,21
1710027610,Ezeifedi,Robert,Internal Medicine,779.0,535,105.29281453150001,84.88711794550001,6
1710064688,Reed-Esper,Sarah,Diagnostic Radiology,1362.0,1315,41.536642748709525,31.306553935338094,20
1710121330,Yun,Charles,Internal Medicine,747.0,461,114.38383063629999,87.1675168452,9
1710148614,Kaczor,Michal,Family Practice,437.0,218,114.92112851275,93.66323454375,4
1710189949,Campo,Aarti,Cardiology,4442.0,3095,79.23958571201034,59.52150186051724,24
1710368055,Kumar,Nitish,Internal Medicine,828.0,424,96.42900639783333,76.2128823125,6
1710379425,Ngo,Khoa,Internal Medicine,588.0,422,104.69098286809093,77.13317550818182,11
1710481643,Kricker,Susannah,Family Practice,145.0,115,59.814652851516676,47.98114590701667,6
1710950779,Portelli,John,Cardiology,7141.0,4148,81.63339328348572,61.03399287550358,27
1710960067,Tedesco,William,Family Practice,591.0,485,54.7150743451,40.48993790869999,7
1710963160,Devito,Michael,Otolaryngology,985.0,794,116.62685080555555,82.68936717922222,9
1710985874,Rieker,Judy,Physician Assistant,319.0,233,101.68509309699999,71.1231064475,2
1720054380,Hughes,George,Family Practice,400.0,120,66.31348586819999,47.474447186199995,5
1720070808,Merecki,Eugene,Family Practice,843.0,685,93.9070927655125,68.1723200236375,8
1720086887,Phillip,James,Cardiology,2644.0,2382,85.416367128575,62.8833119219,14
1720095060,Filippone,John,Cardiology,1564.0,1269,98.623501011175,75.44448353291875,16
1720107782,Kaur,Amandeep,Family Practice,195.0,134,76.10434554400001,47.648139936999996,2
1720141864,Bergeron,Daniel,Cardiology,1651.0,1448,72.36206311006667,54.9232879466381,21
1720170269,Sipperly,Stephen,Family Practice,2108.0,1766,27.741454347379165,24.66584154729583,24
1720280159,Haleem,Kamran,Cardiology,5572.0,4497,69.51572805042979,52.145513656608514,45
1720390354,Loytra,Oleksiy,Family Practice,479.0,460,49.912326958566666,42.62243707767778,9
1720419831,Ghimire,Nabodita,Internal Medicine,924.0,465,107.8627391425,85.18797653775,4
1720440977,Kidd,Heather,Family Practice,109.0,107,84.2946773505,70.75210683716666,6
1720549967,Mundra,Monica,Family Practice,92.0,90,45.48890909,35.9308484848,5
1730138603,Tetreault,William,Family Practice,1340.0,1205,39.804268312329405,36.66039076122941,17
1730147554,Shatynski,Todd,Family Practice,2404.0,1378,102.32930578720556,77.53720997999444,18
1730172628,Kerr,Hamish,Internal Medicine,88.0,64,98.70107624866667,66.08479467400001,3
1730177825,Hogan-Moulton,Amy,Nephrology,2265.0,1040,190.36690576225715,150.18769076482857,12
1730181413,Cerda,Jorge,Nephrology,2191.0,1242,116.4501852856923,89.29365631753846,13
1730198706,Dropkin,Robert,Obstetrics & Gynecology,720.0,707,59.27665542805715,42.779955220342856,7
1730304411,White,Jennifer,Internal Medicine,750.0,458,95.76691692533332,74.57032455433334,6
1740211515,Stevens,Arthur,Internal Medicine,3624.0,2542,44.63038082463793,38.035488108086206,29
1740253798,Kantaros,Louis,Interventional Cardiology,6473.0,4856,93.01402861086,70.7247569134,39
1740274604,Mitkoff,Nathan,Internal Medicine,689.0,530,72.42013717180001,47.65286109,5
1740437722,Brown,Sheryl,Family Practice,281.0,259,23.430491031875004,19.694595970125,12
1740557750,D'annunzio,Lauren,Certified Registered Nurse Anesthetist (CRNA),23.0,23,100.07333333349999,79.8856060585,2
1740642941,King,Jared,Neurology,2971.0,349,112.0099272207111,80.6918104309111,9
1740644673,Lubin,Abigail,Family Practice,132.0,89,116.38205628000001,96.507605521,3
1740705326,Cavanaugh,Kelly,Audiologist,58.0,58,36.99862069,23.201034483,1
1750309860,Ying,Rodney,Internal Medicine,1239.0,761,139.53936511766668,103.85092263516667,6
1750325320,Love,Robert,Family Practice,6076.0,4357,27.815129429232144,23.728583016032143,56
1750363446,Filion,Paul,Family Practice,4245.0,3065,32.89293241878,26.541979327677502,40
1750374401,Lee,Josephine,Internal Medicine,311.0,247,74.48469790257143,44.46666327571428,7
1750375374,Miller,Cynthia,Infectious Disease,314.0,230,107.521316368,80.69381412,4
1750376679,Philbin,Edward,Cardiology,1474.0,1146,36.778223510416666,24.756250280216666,5
1750377420,Tietjen,John,Internal Medicine,845.0,431,106.4812385118,82.37927528719999,5
1750379848,Kamal,Farhana,Internal Medicine,671.0,453,117.33346044225,91.50878767325,8
1750385001,Adsit,Mark,Gastroenterology,239.0,231,146.36335478328573,109.260202544,7
1750398319,Vakiener,Arthur,Cardiology,1942.0,1254,112.3342468634,79.743890722,5
1750515961,Bhoiwala,Dipti,Internal Medicine,229.0,105,124.66170000439999,87.5011236336,5
1750525606,Kim,Grace,Internal Medicine,1146.0,674,99.251040606875,73.470863032625,8
1750546008,Alimohammad,Rizwan,Cardiology,9489.0,3518,243.44029927119556,192.56029363037777,43
1750730677,Nassar,Yousef,Internal Medicine,49.0,38,164.86916666666667,131.35944444433332,3
1750795738,Fusella,Nicholas,Family Practice,2418.0,1914,38.356779134523336,34.525930053076664,30
1750949640,Gray,Aimalohi,Family Practice,84.0,77,87.7145,73.223,5
1760421127,Wenacur,Russell,Family Practice,495.0,375,58.750949517725005,50.4907213939,8
1760474860,Drislane,Mary Ellen,Internal Medicine,999.0,910,42.399649234225,27.571939359008336,12
1760484224,Costello,Kevin,Internal Medicine,631.0,296,72.38070764966666,46.83456873316667,6
1760485460,Hogan,Robert,Interventional Cardiology,1753.0,1494,96.53369056484706,74.42825460215295,15
1760486013,Malamood,Howard,Gastroenterology,535.0,520,143.28363466725,112.47343311808334,12
1760492680,Barats,Lev,Internal Medicine,5939.0,4830,31.788706223380956,28.03348276872619,42
1760743777,Spath,Disha,Internal Medicine,451.0,379,69.68770846710001,50.34084988078,10
1770015810,Friedman,Adam,Internal Medicine,242.0,108,176.07134969999998,125.3804823415,2
1770044471,Peterson,Marten,Family Practice,107.0,104,46.82961538466666,39.419492307666665,6
1770086191,Tharian,Mini,Nurse Practitioner,424.0,384,109.50502197516666,83.60840147766667,6
1770551715,Laddis,Theodoros,Cardiology,1929.0,1579,65.3040689282647,48.27051115085882,16
1770557308,Lee,William,Cardiology,4393.0,2742,68.70062802723334,47.593821552899996,20
1770570103,Cuenca,Dolores,Internal Medicine,31.0,15,85.996129032,38.514516129,1
1770575896,Lavigne,Richard,Internal Medicine,807.0,584,47.02576589895385,34.5742180625,13
1770576399,Baler,Joseph,Dermatology,2618.0,1606,87.26523715782223,60.39811254707778,9
1770578031,O'brien,James,Cardiology,7892.0,3504,223.35646158624715,175.65514663364905,51
1770582538,Alderisio,William,Cardiology,2071.0,1625,85.9971376437,63.329348014105264,14
1770792228,Iyer,Shridhar,Internal Medicine,1154.0,649,121.94453136814286,95.52986201528572,7
1770946089,Huo,Mae,Internal Medicine,49.0,42,54.76295985066667,32.05473389366667,3
1780002709,Schaefer,Christopher,Internal Medicine,1112.0,622,118.2889899,88.4258703048,5
1780345538,Luibrand,Nicole,Physician Assistant,78.0,64,79.31715511300001,57.28216197650001,2
1780604868,Lee,Arthur,Family Practice,904.0,726,34.99987822608235,30.836656096064704,17
1780613893,Fernando-Gilday,Carla,Gastroenterology,10599.0,1359,99.24393650938636,79.40655199950909,22
1780617746,Aharon,Alon,Thoracic Surgery,255.0,254,596.9637917523333,477.7085940123333,6
1780670323,Richter,Seth,Gastroenterology,487.0,468,126.32486421592856,98.31242179571429,14
1780764746,Chu,Alan,Diagnostic Radiology,3529.0,3310,34.541159627225,26.244065394777778,36
1780862037,Nguyen,Catherine,Internal Medicine,908.0,756,82.75593913879999,69.19475887147273,11
1780893610,Ghassi,Dimple,Internal Medicine,246.0,225,76.2045030215,52.773998230749996,4
1780942383,Verma,Gautam,Cardiology,2452.0,1805,107.09163166610999,82.96039089311999,20
1790027050,Purga,Scott,Cardiology,14676.0,5231,144.0677350291298,112.82398870700426,46
1790090439,Chaudhry,Rafia,Nephrology,428.0,198,227.91184204411113,179.95163770099998,7
1790758688,Jafar,Mumtazuddin,Interventional Cardiology,4203.0,3330,168.35384037869696,131.6254709987121,33
1790791226,Walsh,Amy,Internal Medicine,345.0,247,46.54225221774285,35.46843598822857,7
1790874170,Mitnick,Neil,Family Practice,237.0,198,41.955637653800004,37.32120864146667,6
1790940971,Walebowa,Oteng,Internal Medicine,819.0,473,75.04749359733334,56.42025211916666,6
1790951648,Levin,Sarah,Clinical Cardiac Electrophysiology,4446.0,3331,138.5746084716606,107.07035393780302,31
1801035985,Arif,Shoaib,Internal Medicine,706.0,518,112.55572924025,85.291793585625,8
1801155494,Ethier,Gloria,Family Practice,2112.0,967,44.33292251179545,34.89181448751818,22
1801327119,Kotelawala,Kasuni,Family Practice,65.0,53,17.76673020533333,17.76673020533333,3
1801849039,Yamada,Brian,Urology,842.0,712,145.18260468141668,108.99363552533333,12
1801852587,Tharler,Lisa,Internal Medicine,573.0,304,124.98711337875,98.80520868475,8
1801857214,Herdzik,Katherine,Family Practice,316.0,230,50.6883869515,38.37239072633333,6
1801857628,Karatnycky,Adrian,Internal Medicine,590.0,338,85.893029163,68.34670072075,4
1801870100,Seedhom,Ashraf,Cardiology,10774.0,4291,146.8236214946854,113.61110480504375,46
1801990155,Salehi,Freshteh,Internal Medicine,584.0,407,69.36417778906,54.800983514079995,10
1801998737,Van Woert,Joanne,Internal Medicine,1213.0,967,40.28942893947143,34.38900080799286,14
1811008600,Mcgaffin,Christina,Nurse Practitioner,613.0,608,41.5827719501077,37.797938953953846,13
1811035256,Mangi,Abeel,Thoracic Surgery,25.0,25,183.43,146.46,1
1811077886,Murray,James,Family Practice,497.0,362,62.30992178342857,41.76069651262857,7
1811138845,Friedrich,Sabiha,Internal Medicine,533.0,447,47.53953380025,35.781612737275,8
1811183650,Nawab,Andalib,Internal Medicine,1014.0,685,93.89069821844444,72.15028136453333,8
1811215296,Yager,Neil,Interventional Cardiology,1505.0,1207,144.51587406420626,111.31700623144376,15
1811281587,Price,Chrystal,Internal Medicine,520.0,349,143.74819607199998,114.2484469304,5
1811917909,Weiss,Howard,Internal Medicine,498.0,441,97.2405178234,68.4423694487,10
1811955594,Mohindra,Reena,Internal Medicine,175.0,75,65.348580879,49.33298762266666,3
1811963465,Etienne,Mineke,Family Practice,43.0,34,77.85791666649999,51.494238095,2
1811963937,Sgambati,Carl,Family Practice,531.0,415,60.82858850772,45.76499043412,5
1811964430,Shuman,Barry,Urology,2013.0,1474,106.063629498285,79.201484697135,20
1811965866,Card,Harold,Cardiology,545.0,512,46.52241088743,33.58394829746,9
1811979438,Reeves,Robert,Family Practice,6027.0,4175,26.78256524977083,23.1996994992375,48
1821090010,Zuravicky,Igal,Cardiology,1193.0,766,187.37604764495,140.53922358216252,8
1821180290,Hauser,Barbara,Internal Medicine,848.0,515,72.62086763346,59.973498680860004,10
1821187204,Gebhard,Paul,Internal Medicine,5472.0,4187,32.631727979327025,30.049041237205405,36
1821293598,Parent,Colleen,Family Practice,11.0,11,111.74727273,29.139090909,1
1821300401,Ghimire,Prajesh,Family Practice,1386.0,749,134.5657452335,106.64944335633334,6
1821325770,Murguia,Brandon,Internal Medicine,290.0,153,128.33911281716667,98.78732710416666,6
1821377813,Goldsmith,Christina,Family Practice,386.0,263,65.4552248524,44.060413001,5
1821417221,Sonagere,Caitlin,Internal Medicine,912.0,743,48.869304367264284,39.525632289621434,14
1821448796,Sease,Keara,Family Practice,24.0,19,9.5741666667,9.5741666667,1
1821452590,Teklemariam,Ephrem,Neurology,277.0,82,227.47,181.24,1
1831103555,Blood,Suzanne,Internal Medicine,98.0,72,19.023835227166668,18.345653408966665,3
1831181981,David,Jose,Family Practice,2072.0,1030,76.58895385105293,59.84636173512353,17
1831183631,Mccullough,Andrew,Urology,278.0,260,118.82934609680001,81.5289061686,5
1831190016,Lemanski,Paul,Internal Medicine,592.0,249,104.986350028,75.98592700900001,3
1831197268,Desantis,Jonathan,Cardiology,1315.0,975,119.630721642,79.43705709185,4
1831220417,Gorbachev,Sergey,Internal Medicine,922.0,525,79.88017320866666,62.50612110283333,6
1831352145,Ojha,Chandra,Internal Medicine,427.0,324,82.23441687715714,63.82095954775714,7
1831382878,Reamer,Pamela,Nurse Practitioner,514.0,382,54.92012670309091,38.309097179163636,11
1831419514,Voznesensky,Maria,Urology,715.0,621,126.20254955903572,97.20399375389286,14
1831452259,Drzymalski,Krzysztof,Cardiology,16271.0,3541,126.95601364031137,98.58234861298637,42
1831553593,Strader,Mary,Gastroenterology,100.0,98,99.91266666675001,79.60466666674999,4
1831757236,Dzingle,Karen,Family Practice,52.0,40,44.677472284000004,35.3133259425,2
1831757723,Labounty,Tessa,Family Practice,102.0,91,54.017886905750004,42.935781250000005,4
1841282894,Dinius,John,Anesthesiology,398.0,387,164.3406012,131.15390716926666,15
1841300928,Bashkoff,Jacqueline,"Psychologist, Clinical",94.0,12,100.24574468,68.938404255,1
1841437258,Kilayko,Mary Clarisse,Infectious Disease,570.0,352,110.1323644288,87.8503644288,5
1841466356,Kim,Yun Jeong,Internal Medicine,673.0,331,116.76726707025,93.10345513225,4
1841584018,Yu,Alice,Family Practice,526.0,288,76.5299427603,64.8589680129,6
1841610284,Smith,Christopher,Internal Medicine,999.0,596,113.933336290625,87.62231065325,8
1841722774,Villarreal,Benjamin,Family Practice,183.0,180,167.37836672666666,124.906232595,3
1841751989,Li,Bo,Internal Medicine,341.0,200,73.98539314019999,58.0344392914,5
1841835014,Mcnamara,Elizabeth,Certified Registered Nurse Anesthetist (CRNA),52.0,52,82.9600841345,66.18377950175,4
1851302137,Divakara Murthy,Gowdara,Internal Medicine,1778.0,1070,107.13434602477778,83.99676595766667,5
1851338636,Kumar,Arbind,Gastroenterology,571.0,527,139.93047399695556,111.58589369948888,9
1851420897,Gurniak,James,Internal Medicine,602.0,274,48.919560941157144,38.03995950758571,7
1851456321,Meyer,Vincent,Family Practice,355.0,112,74.45843715219999,55.2069921294,5
1851494470,Vanwoert,Judith,Internal Medicine,945.0,790,53.5733174995,44.126601991916665,12
1851523393,Rukavishnikova,Natalya,Family Practice,147.0,73,97.44555708499999,63.397929133999995,2
1851611487,Wong,Vincent,Cardiology,2182.0,1893,132.1491154560435,102.5430398856261,23
1851650139,Savla,Daven,Family Practice,237.0,170,50.15248641315,36.1694968299,4
1851735146,Bringley,Donald,Family Practice,665.0,452,134.3800653857143,105.09187243057143,7
1861437956,Sidhu-Izzo,Sonya,Family Practice,254.0,241,184.884272085,143.5185358,2
1861480956,Quinn,Colleen,Family Practice,69.0,56,14.835733631025,14.205019345325,4
1861502429,Saunders,Jessica,Cardiology,1138.0,1058,83.301345862625,62.1042877440375,15
1861582405,Chava,Prabhakar,Internal Medicine,2316.0,1837,41.00923329593611,34.70771238260556,36
1861612814,Mack,Brigid,Family Practice,275.0,230,39.45160073660001,32.2019997066,7
1861652547,Patrello,Anthony,Interventional Cardiology,3695.0,2747,122.05971917958823,93.49872319510882,33
1861719247,Hand,Drinnon,Internal Medicine,1047.0,510,115.41485963225,89.18651704724999,4
1861758203,Guay,Ryan,Anesthesiology,162.0,162,72.25751187071428,57.68014809828571,7
1861796153,Yunus,Mohammad,Internal Medicine,673.0,415,111.14088211366668,86.32482830583332,6
1861924573,Conroy,Sophia,Family Practice,166.0,94,95.18877856433333,67.54119110333333,3
1861978918,Tawfik,Peter,Family Practice,16.0,15,98.86,78.87,1
1871070466,Mendelson,Megan,Nurse Practitioner,204.0,194,57.299730278771435,41.15438452709999,6
1871520700,Monserrate,Nicole,Internal Medicine,2246.0,1824,32.09573953058,28.009424245836666,30
1871690743,Stetzer,Lee,Family Practice,120.0,102,42.00630318728333,37.68614814845,6
1871751925,Maier,Craig,Family Practice,2251.0,1781,37.72453238297667,33.53717442103,30
1871850230,Espinosa,Cristine,Family Practice,69.0,34,9.5653623188,9.5653623188,1
1871858787,Bekan-Homawoo,Brigitte,Family Practice,1048.0,811,50.3750389999,36.1782095897125,16
1871886978,Leonard,Kyle,Family Practice,195.0,127,64.08360734921666,51.92723963021666,6
1871943746,Sawh,Jeremy,Family Practice,255.0,250,182.077788975,133.16110255,2
1871973602,Telisky,Pamela,Internal Medicine,39.0,33,144.613208554,115.988208554,2
1881116895,Khan,Nazia,Internal Medicine,643.0,342,130.855730907,100.08351052900001,3
1881252708,Mazzariello,Alexandra,Physician Assistant,490.0,451,110.01310207033333,84.83522319801666,6
1881353357,Conti,Laura,Nurse Practitioner,547.0,419,37.43643029311818,31.931330996845453,11
1881759355,Malin,Julia,Family Practice,147.0,51,107.590462963,93.994277778,2
1881783264,Walders,James,Internal Medicine,5983.0,3713,22.387808699954544,20.532853987530302,33
1881853547,Timofeev,Konstantin,Neurology,209.0,146,136.5051220554,100.948529747,5
1891073169,Edge,Lizette,Family Practice,432.0,274,131.20108764740002,96.2977446802,5
1891074936,Carlson,Joshua,Family Practice,231.0,168,80.4946555434,61.7588669718,3
1891145744,Novakovic,Zachary,Family Practice,528.0,351,81.72909817975,53.982046678749995,4
1891732483,Arif,Asma,Gastroenterology,627.0,506,119.43629027413334,88.862029243775,12
1891778296,Rehman,Syed,Internal Medicine,432.0,336,52.218139783999995,34.282614939000005,6
1891782207,Wayne,Joseph,Internal Medicine,32.0,24,61.7503125,42.6734375,1
1891790101,Herlihy,Kevin,Gastroenterology,408.0,397,104.88098202153334,83.74645139331112,9
1891792503,Brennan,Tracey,Family Practice,819.0,631,83.37039235717499,74.07551095725835,12
1891815270,Balaraman,Balasukanya,Family Practice,844.0,571,60.5592349859,39.3805810789,7
1891875852,Hoover,Eric,Diagnostic Radiology,1530.0,1448,62.53889419033333,47.52833666183333,12
1891946703,Feygin,Ruslan,Cardiology,6014.0,4199,151.94864956961283,120.01010374748974,38
1891954145,Ali,Neelam,Internal Medicine,817.0,470,85.7646126995,67.395321121,4
1902038722,Jaworowski,Piotr,Family Practice,940.0,468,83.56980632266666,65.71603833216666,6
1902113699,Khan,Khyber,Family Practice,878.0,529,70.0992747735,56.558799418675,8
1902290315,Chieng,Hau,Internal Medicine,926.0,708,92.42448037046667,70.89399913460001,14
1902350028,Ringie,Kimberly,Audiologist,57.0,57,27.376521738999998,20.6795140665,2
1902464894,Littlefield,Brooke,Family Practice,210.0,189,101.848153666,82.9999058026,5
1902864002,Phelan,Donna,Cardiology,1580.0,1334,89.46364335401304,68.9895525615,22
1902960560,Choma,Joseph,Gastroenterology,5529.0,1203,132.50127735007777,102.66162849831481,27
1902988561,Hausler,Gerald,Family Practice,849.0,700,66.6583933115,51.37630870164,15
1912013475,Marino,Thomas,Cardiology,395.0,297,85.957180548,67.95357880366667,5
1912094780,Carrozza,Joseph,Internal Medicine,196.0,102,132.733777055,101.2826406925,2
1912228669,Istre,Erik,Neurology,8218.0,259,131.3915274051,90.35078292824286,7
1912341058,Adedokun,Olanrewaju,Family Practice,426.0,329,72.62846730266666,51.25879867916667,6
1912483603,Macphail,Heather,Nurse Practitioner,551.0,497,75.59886432855555,55.10124398938889,9
1912900622,Munro,Scott,Cardiology,2334.0,1893,71.0283198226158,52.986387546,16
1912908195,Bashant,John,Internal Medicine,1588.0,1384,59.01512866055556,48.21922546486667,18
1912941410,Kansas Devine,Maria,Family Practice,635.0,540,66.98260344313636,57.30359937231819,11
1912955642,Dibble,Christopher,Cardiology,2505.0,1766,122.12799464643334,92.63579832907777,17
1922000785,Leblanc,Michele,Certified Registered Nurse Anesthetist (CRNA),65.0,65,92.92388138133333,74.17807807833333,3
1922038363,Gordon,Seth,Internal Medicine,864.0,444,91.25832838633333,72.96455721733334,3
1922094333,Muller,Reid,Cardiology,1784.0,1615,73.37647821131667,55.08438997887778,17
1922096023,Khalifa,Gamal,Internal Medicine,836.0,505,101.10584471028571,77.52309941714286,7
1922182856,Johnston,Mary,Family Practice,578.0,476,44.59184324999091,38.68202937435455,11
1922195429,Sloat,Glenn,Internal Medicine,3923.0,510,70.527795659,55.32473720442857,7
1922197300,Campagna,Kristine,Family Practice,1083.0,951,27.431829457661905,23.067999229414287,21
1922365386,Volk,Neil,Gastroenterology,8474.0,1011,96.8930814252909,75.3163855987,22
1922494715,Alexandre,Cassidy,Gastroenterology,358.0,313,126.02934954518182,95.50610628763637,11
1932100989,Murphy,Kevin,Anesthesiology,171.0,168,66.00566315685715,52.66010378557143,7
1932113149,Robinson,William,Gastroenterology,1118.0,1067,120.88023510800001,85.91675192151666,12
1932113669,Borgos,William,Family Practice,42.0,41,20.41016666685,19.35016666685,2
1932133022,Foley,Edward,Internal Medicine,1160.0,855,34.299601344825,29.9326538000125,16
1932165628,Benjamin,Anthony,Urology,1436.0,1099,84.42043971744667,63.455551759799995,15
1932179520,Brown,Jean,Nurse Practitioner,93.0,84,63.98363575633332,42.00773600666667,3
1932190899,Papaleo,Rafael,Cardiology,4508.0,2581,327.8022645055875,259.5813885354042,24
1932201159,Winston,Brion,Cardiology,4428.0,2282,197.4843693547711,155.87997113408224,44
1932333093,Viterbo,Domenico,Gastroenterology,985.0,890,124.91848884172857,99.13809058200476,21
1932382686,Maroney,Justin,Cardiology,2713.0,2171,141.44718303046875,110.3383843271125,32
1932427218,Jackson,Richard,Neurology,540.0,454,101.67075502638461,76.00304376146154,13
1932605375,Anwar,Raheel,Internal Medicine,49.0,49,190.31285714,151.64285714,1
1942226857,Schwartz,Kenneth,Family Practice,345.0,231,55.67355397271428,40.250168050528565,7
1942235213,Gupta,Renu,Family Practice,448.0,237,104.07821012683333,77.59185361,6
1942261540,Pezzulo,John,Family Practice,646.0,341,87.39115789222222,68.24261305099999,9
1942287842,Craig,James,Family Practice,207.0,192,70.17994159,34.698276111333335,3
1942294806,Mishra-Pani,Rina,Internal Medicine,457.0,260,116.20517946999999,90.503747057,4
1942311618,Murphy,Eileen,Nurse Practitioner,149.0,112,79.724408851,54.63177727299999,3
1942379755,Martin,David,Otolaryngology,2225.0,1919,120.57691652278947,90.65120583889474,18
1942479019,Stahl,Amanda,Family Practice,163.0,162,184.59252876,140.65415628,2
1942680350,Amaratunga,Giyana,Family Practice,405.0,237,90.43760439866666,69.56235243733333,3
1952303398,Caramore,William,Internal Medicine,547.0,461,53.774732505833335,37.62422885316667,6
1952305203,Ostrov,Arthur,Gastroenterology,79606.0,456,60.64181503720769,46.089919151146155,13
1952340523,Sanders,Alan,Infectious Disease,374.0,261,106.84883554642856,83.66538954485713,7
1952395469,Santoro,Ian,Cardiology,8174.0,4394,165.16369856492364,129.49317923008726,54
1952415846,Behroozi,Saeid,Internal Medicine,932.0,635,125.2986430618889,100.49877799777778,9
1952558348,Cruz,Faith,Family Practice,459.0,349,47.50695815865714,34.72880800108572,7
1952589210,Northrop,Jennifer,Gastroenterology,229.0,205,131.8512946134125,103.8628728786,8
1952627366,Wales,Danielle,Internal Medicine,434.0,315,55.355688170600004,36.0654010384,5
1952691792,Zeigler,Gwen,Neurology,380.0,275,145.31116868925,95.5253141405,4
1952695421,Chacko,Jijin,Internal Medicine,746.0,430,132.56540268666666,105.53877325166667,3
1952726192,Sikder,Musfiqur,Internal Medicine,536.0,305,88.03018811780001,71.8870777522,5
1952747818,Levine,Elizabeth,Nurse Practitioner,174.0,129,67.97393678166667,54.37393678166668,3
1962470724,Baran,Andrij,Cardiology,2662.0,1712,82.45210980310357,62.996033978621426,27
1962494054,Doherty-Wells,Karen,Physician Assistant,581.0,410,51.6852573838,34.6628286312,5
1962586776,White,Mark,Urology,1470.0,1262,101.31824948906315,75.08466995123158,15
1962592501,Patil,Nagaraja,Internal Medicine,939.0,748,40.11182566308824,32.7276861253,17
1962603225,Hongalgi,Krishnakumar,Nephrology,1270.0,596,139.91651990830002,108.8450571464,10
1962639427,Raval,Mihir,Internal Medicine,10563.0,2788,75.4027353626102,60.004112818846934,49
1962665737,Elguero,Carlos,Family Practice,650.0,503,56.59042798231111,48.175308102533336,18
1972502698,Sosa-Suarez,Guillermo,Clinical Cardiac Electrophysiology,2825.0,1686,72.85482825586364,53.437043345009094,11
1972532976,Yousuf,Asim,Internal Medicine,447.0,421,86.7103365631909,69.35101653782728,11
1972539856,Ray,David,Internal Medicine,29.0,27,96.437241379,55.922413793,1
1972561363,Gosselin,Richard,Cardiology,1218.0,756,96.90386565725454,72.33473736306364,11
1972599652,Torosoff,Mikhail,Cardiology,9095.0,4986,72.744203662305,53.17117537986,18
1972680288,Weidner,Mark,Internal Medicine,840.0,483,97.190766756875,77.21742676875,8
1972683993,Clark,Donald,Physical Therapist in Private Practice,870.0,111,38.0179374575,26.5216201662,4
1982262879,Persaud,Ryan,Family Practice,161.0,81,68.47823076899999,54.566730769,2
1982606984,Kelly,Gregory,Cardiology,2505.0,2085,51.317082354884995,38.011149962809995,18
1982619615,Cotugno,Steffani,Family Practice,1805.0,1603,52.6788676503381,48.99108257267143,21
1982694121,Saluja,Ravinder,Internal Medicine,535.0,352,64.68441216644445,43.80337562988889,9
1982793360,Mesmer,Melinda,Internal Medicine,423.0,329,86.411861372525,74.74029482585833,12
1982855631,Strickler,Brian,Ophthalmology,1558.0,1218,161.43321175985716,121.34767910364285,14
1982923116,Aliggayu,Darryl,Internal Medicine,746.0,380,44.32790210633333,30.911528248233335,6
1992055750,Nazir,Tabasum,Family Practice,329.0,249,76.15866808752857,53.908112273957144,7
1992124440,Lydecker,Heather,Internal Medicine,751.0,441,111.86087394871429,86.65124576085714,7
1992745632,O'bryan,John,Family Practice,768.0,613,58.5653701248375,50.1417476324375,8
1992800643,Mulcahy,Stephanie,Nurse Practitioner,1846.0,1233,44.24357257962,33.337662759699995,5
1992882864,Bertram,Michael,Internal Medicine,1248.0,968,43.972872807578945,35.84541308626316,19
1992891378,Fishel,Stephen,Family Practice,400.0,315,42.15553775891818,35.66376539037273,11
